<?xml version = '1.0' encoding = 'UTF-8'?>
<Relation class="oracle.dbtools.crest.model.design.logical.Relation" name="Relation_13" directorySegmentName="seg_0" id="06DCD46F-91FB-E776-ECEC-17BEFC96DD36">
<createdBy>arthu</createdBy>
<createdTime>2020-06-04 01:11:39 UTC</createdTime>
<ownerDesignName>modelo_logico_relacional</ownerDesignName>
<engineerTo>
<item key="784B2550-A4EE-D540-0102-320698221025" value="true"/>
</engineerTo>
<sourcePk>0C71A0C3-DDA2-E397-63D4-767547BA7298</sourcePk>
<identifying>false</identifying>
<optionalSource>true</optionalSource>
<optionalTarget>false</optionalTarget>
<sourceCardinality>1</sourceCardinality>
<sourceEntity>C4CD246D-DAC5-315C-608B-670EBEEECC5D</sourceEntity>
<targetCardinalityString>*</targetCardinalityString>
<targetEntity>7A8A9E3C-8E8F-E1A9-DF6F-53F63278F275</targetEntity>
<transferable>true</transferable>
<deleteRule>NO ACTION</deleteRule>
</Relation>