<?xml version = '1.0' encoding = 'UTF-8'?>
<Relation class="oracle.dbtools.crest.model.design.logical.Relation" name="Relation_20" directorySegmentName="seg_0" id="2FA2F313-9E6D-E0C4-79FB-5032B73D3CB6">
<createdBy>leomg</createdBy>
<createdTime>2020-05-05 22:35:58 UTC</createdTime>
<ownerDesignName>modelo_logico_relacional</ownerDesignName>
<engineerTo>
<item key="784B2550-A4EE-D540-0102-320698221025" value="true"/>
</engineerTo>
<sourcePk>D558BD2A-8436-873F-1A54-3E76D4E09932</sourcePk>
<arc>F7F8E034-CBE6-E11B-5297-74C313029A29</arc>
<identifying>true</identifying>
<optionalSource>true</optionalSource>
<optionalTarget>false</optionalTarget>
<sourceCardinality>1</sourceCardinality>
<sourceEntity>7F18F46A-23B8-EA25-8F4C-7AD5C56976DB</sourceEntity>
<targetCardinalityString>*</targetCardinalityString>
<targetEntity>644B2F1B-2418-460C-EA85-A23A2353751B</targetEntity>
<transferable>true</transferable>
<deleteRule>NO ACTION</deleteRule>
</Relation>