<?xml version = '1.0' encoding = 'UTF-8'?>
<Relation class="oracle.dbtools.crest.model.design.logical.Relation" name="Relation_14" directorySegmentName="seg_0" id="72F8370D-0D6B-8444-2996-16F7A5424C14">
<createdBy>leomg</createdBy>
<createdTime>2020-06-17 19:20:30 UTC</createdTime>
<ownerDesignName>modelo_logico_relacional</ownerDesignName>
<engineerTo>
<item key="784B2550-A4EE-D540-0102-320698221025" value="true"/>
</engineerTo>
<sourcePk>F717E691-DB3C-19AE-EFDE-BFBA1094FC41</sourcePk>
<identifying>false</identifying>
<optionalSource>true</optionalSource>
<optionalTarget>false</optionalTarget>
<sourceCardinality>1</sourceCardinality>
<sourceEntity>81FC0053-8765-91D8-7949-D82016496049</sourceEntity>
<targetCardinalityString>*</targetCardinalityString>
<targetEntity>4B5466F3-09FD-537F-3C71-FBF968882ED8</targetEntity>
<transferable>true</transferable>
<deleteRule>NO ACTION</deleteRule>
</Relation>