<?xml version = '1.0' encoding = 'UTF-8'?>
<Relation class="oracle.dbtools.crest.model.design.logical.Relation" name="Relation_16" directorySegmentName="seg_0" id="96B58B7C-50FE-4681-5360-A29A9E66AAF2">
<createdBy>leomg</createdBy>
<createdTime>2020-06-17 19:32:19 UTC</createdTime>
<ownerDesignName>modelo_logico_relacional</ownerDesignName>
<engineerTo>
<item key="784B2550-A4EE-D540-0102-320698221025" value="true"/>
</engineerTo>
<sourcePk>F717E691-DB3C-19AE-EFDE-BFBA1094FC41</sourcePk>
<identifying>false</identifying>
<optionalSource>true</optionalSource>
<optionalTarget>false</optionalTarget>
<sourceCardinality>1</sourceCardinality>
<sourceEntity>81FC0053-8765-91D8-7949-D82016496049</sourceEntity>
<targetCardinalityString>*</targetCardinalityString>
<targetEntity>47C210D2-38E4-B6FE-70EA-1E8F7292E2C7</targetEntity>
<transferable>true</transferable>
<deleteRule>NO ACTION</deleteRule>
</Relation>