<?xml version = '1.0' encoding = 'UTF-8'?>
<Arc class="oracle.dbtools.crest.model.design.logical.Arc" directorySegmentName="seg_0" id="F7F8E034-CBE6-E11B-5297-74C313029A29" name="Arc_1">
<createdBy>leomg</createdBy>
<createdTime>2020-05-08 21:53:19 UTC</createdTime>
<ownerDesignName>modelo_relacional</ownerDesignName>
<engineerTo>
<item key="784B2550-A4EE-D540-0102-320698221025" value="true"/>
</engineerTo>
<entity>7F18F46A-23B8-EA25-8F4C-7AD5C56976DB</entity>
<relations>
<relationID>EB40113F-2DF3-192D-6E81-4A191C4C3F25</relationID>
<relationID>2FA2F313-9E6D-E0C4-79FB-5032B73D3CB6</relationID>
<relationID>3C96714B-A3CC-9356-05EA-EDAACE0A0B2C</relationID>
</relations>
</Arc>