<?xml version = '1.0' encoding = 'UTF-8'?>
<Diagram class="oracle.dbtools.crest.swingui.relational.DPVRelational" name="Relacional" id="67844AE5-9E9A-CF36-2748-6A6C5EF5F1E4">
<createdBy>felip</createdBy>
<modifiedBy>felip</modifiedBy>
<createdTime>2020-04-01 00:14:04 UTC</createdTime>
<autoRoute>false</autoRoute>
<boxInbox>true</boxInbox>
<showLegend>false</showLegend>
<showLabels>false</showLabels>
<showRelAttributes>false</showRelAttributes>
<gridEnabled>false</gridEnabled>
<showGrid>false</showGrid>
<diagramColor>-1</diagramColor>
<display>false</display>
<notation>1</notation>
<objectViews>
<OView class="oracle.dbtools.crest.swingui.relational.TVTable" oid="0161169A-EA2B-11C7-07F4-19E357CE8231" otype="Table" vid="1FD28C62-123A-6353-1041-099B11434B4E">
<hideElementsInCurrentOnly>false</hideElementsInCurrentOnly>
<bounds x="1288" y="265" width="181" height="135"/>
</OView>
<OView class="oracle.dbtools.crest.swingui.relational.TVTable" oid="12B7044D-FD31-5A63-E9BF-BF1ED8C3844D" otype="Table" vid="D1EF93F1-8534-BBD4-9DFB-E0EFFE534AB9">
<hideElementsInCurrentOnly>false</hideElementsInCurrentOnly>
<bounds x="493" y="17" width="215" height="206"/>
</OView>
<OView class="oracle.dbtools.crest.swingui.relational.TVTable" oid="478F3E4D-1588-F96E-2CFE-19548FEFD5BE" otype="Table" vid="6F15A772-E830-3274-A1E0-679BEC3383D0">
<hideElementsInCurrentOnly>false</hideElementsInCurrentOnly>
<bounds x="187" y="0" width="170" height="144"/>
</OView>
<OView class="oracle.dbtools.crest.swingui.relational.TVTable" oid="63D93FCC-CA87-01A5-5EEC-B93E6FC26C3E" otype="Table" vid="556F28D8-CC0D-F9B8-B43B-0C86599E0D48">
<hideElementsInCurrentOnly>false</hideElementsInCurrentOnly>
<bounds x="185" y="160" width="170" height="119"/>
</OView>
<OView class="oracle.dbtools.crest.swingui.relational.TVTable" oid="6C82845A-BF2E-7CAD-89AB-7BBCB7BEBCA8" otype="Table" vid="C137C11F-C9B6-4615-E7DE-F9FA6D5CEF79">
<hideElementsInCurrentOnly>false</hideElementsInCurrentOnly>
<bounds x="861" y="8" width="265" height="169"/>
</OView>
<OView class="oracle.dbtools.crest.swingui.relational.TVTable" oid="739BA626-FA9E-7DDF-28E9-844436D1C5A1" otype="Table" vid="F06FA561-82F6-3FF2-0503-005F1B429819">
<hideElementsInCurrentOnly>false</hideElementsInCurrentOnly>
<bounds x="874" y="227" width="251" height="214"/>
</OView>
<OView class="oracle.dbtools.crest.swingui.relational.TVTable" oid="756A7F35-20C8-3EF4-F0C4-A7ABF208E7DB" otype="Table" vid="50A19C1D-F202-029C-0196-DDE21D6FA208">
<hideElementsInCurrentOnly>false</hideElementsInCurrentOnly>
<bounds x="882" y="538" width="256" height="91"/>
</OView>
<OView class="oracle.dbtools.crest.swingui.relational.TVTable" oid="8B27EC4D-33EC-9A4D-4079-17BBA9CF7EB9" otype="Table" vid="C0B84EF5-A816-4991-B51F-563AE8911964">
<hideElementsInCurrentOnly>false</hideElementsInCurrentOnly>
<bounds x="205" y="537" width="179" height="116"/>
</OView>
<OView class="oracle.dbtools.crest.swingui.relational.TVTable" oid="9AFD6B65-D1A1-F031-8118-8B328A462CE9" otype="Table" vid="92CE2A1A-2883-CC6A-F81B-1D3095D2435B">
<hideElementsInCurrentOnly>false</hideElementsInCurrentOnly>
<bounds x="493" y="470" width="264" height="205"/>
</OView>
<OView class="oracle.dbtools.crest.swingui.relational.TVTable" oid="B7B399CC-00D2-EA2C-5B7B-4E6ABB0E6D90" otype="Table" vid="C4E09177-AC69-FC93-ED88-3576F2C72BCB">
<hideElementsInCurrentOnly>false</hideElementsInCurrentOnly>
<bounds x="527" y="249" width="181" height="143"/>
</OView>
</objectViews>
<connectors>
<Connector class="oracle.dbtools.crest.swingui.relational.TVFKRelation" oid="4663CA21-24C8-9592-6B25-01A08C1B46DD" otype="FKIndexAssociation" vid_source="1FD28C62-123A-6353-1041-099B11434B4E" vid_target="50A19C1D-F202-029C-0196-DDE21D6FA208">
<hideElementsInCurrentOnly>false</hideElementsInCurrentOnly>
<backgroundColor>-16777216</backgroundColor>
<lineWidth>1</lineWidth>
<points>
<point x="1336" y="400"/>
<point x="1336" y="578"/>
<point x="1138" y="578"/>
</points>
</Connector>
<Connector class="oracle.dbtools.crest.swingui.relational.TVFKRelation" oid="467B5C5A-A901-30CC-8B11-53A21B3A95AB" otype="FKIndexAssociation" vid_source="6F15A772-E830-3274-A1E0-679BEC3383D0" vid_target="D1EF93F1-8534-BBD4-9DFB-E0EFFE534AB9">
<hideElementsInCurrentOnly>false</hideElementsInCurrentOnly>
<backgroundColor>-16777216</backgroundColor>
<lineWidth>1</lineWidth>
<points>
<point x="357" y="80"/>
<point x="493" y="80"/>
</points>
</Connector>
<Connector class="oracle.dbtools.crest.swingui.relational.TVFKRelation" oid="668BCFA0-B90D-9BB9-CDE5-A8A8E65BBD3E" otype="FKIndexAssociation" vid_source="556F28D8-CC0D-F9B8-B43B-0C86599E0D48" vid_target="D1EF93F1-8534-BBD4-9DFB-E0EFFE534AB9">
<hideElementsInCurrentOnly>false</hideElementsInCurrentOnly>
<backgroundColor>-16777216</backgroundColor>
<lineWidth>1</lineWidth>
<points>
<point x="355" y="191"/>
<point x="493" y="191"/>
</points>
</Connector>
<Connector class="oracle.dbtools.crest.swingui.relational.TVFKRelation" oid="9B135B45-5E6F-A9C8-CCE6-24F11B317F88" otype="FKIndexAssociation" vid_source="D1EF93F1-8534-BBD4-9DFB-E0EFFE534AB9" vid_target="C137C11F-C9B6-4615-E7DE-F9FA6D5CEF79">
<hideElementsInCurrentOnly>false</hideElementsInCurrentOnly>
<backgroundColor>-16777216</backgroundColor>
<lineWidth>1</lineWidth>
<points>
<point x="708" y="97"/>
<point x="861" y="97"/>
</points>
</Connector>
<Connector class="oracle.dbtools.crest.swingui.relational.TVFKRelation" oid="A90DA27D-CC09-8CF7-CF86-2E0219F7D90D" otype="FKIndexAssociation" vid_source="92CE2A1A-2883-CC6A-F81B-1D3095D2435B" vid_target="C4E09177-AC69-FC93-ED88-3576F2C72BCB">
<hideElementsInCurrentOnly>false</hideElementsInCurrentOnly>
<backgroundColor>-16777216</backgroundColor>
<lineWidth>1</lineWidth>
<points>
<point x="632" y="470"/>
<point x="632" y="392"/>
</points>
</Connector>
<Connector class="oracle.dbtools.crest.swingui.relational.TVFKRelation" oid="AB2FC4EC-42AD-88F0-2BCB-5EB7917A05B1" otype="FKIndexAssociation" vid_source="1FD28C62-123A-6353-1041-099B11434B4E" vid_target="C137C11F-C9B6-4615-E7DE-F9FA6D5CEF79">
<hideElementsInCurrentOnly>false</hideElementsInCurrentOnly>
<backgroundColor>-16777216</backgroundColor>
<lineWidth>1</lineWidth>
<points>
<point x="1392" y="265"/>
<point x="1392" y="84"/>
<point x="1126" y="84"/>
</points>
</Connector>
<Connector class="oracle.dbtools.crest.swingui.relational.TVFKRelation" oid="B7D76F02-1DD9-1AE6-9069-2A35B224C22B" otype="FKIndexAssociation" vid_source="1FD28C62-123A-6353-1041-099B11434B4E" vid_target="92CE2A1A-2883-CC6A-F81B-1D3095D2435B">
<hideElementsInCurrentOnly>false</hideElementsInCurrentOnly>
<backgroundColor>-16777216</backgroundColor>
<lineWidth>1</lineWidth>
<points>
<point x="1438" y="400"/>
<point x="1438" y="653"/>
<point x="757" y="653"/>
</points>
</Connector>
<Connector class="oracle.dbtools.crest.swingui.relational.TVFKRelation" oid="C513090C-06BE-F24B-7D09-41F066A950D6" otype="FKIndexAssociation" vid_source="C0B84EF5-A816-4991-B51F-563AE8911964" vid_target="92CE2A1A-2883-CC6A-F81B-1D3095D2435B">
<hideElementsInCurrentOnly>false</hideElementsInCurrentOnly>
<backgroundColor>-16777216</backgroundColor>
<lineWidth>1</lineWidth>
<points>
<point x="384" y="595"/>
<point x="493" y="595"/>
</points>
</Connector>
<Connector class="oracle.dbtools.crest.swingui.relational.TVFKRelation" oid="EDA9238A-88C8-093F-2BB8-AC75D27ED501" otype="FKIndexAssociation" vid_source="F06FA561-82F6-3FF2-0503-005F1B429819" vid_target="50A19C1D-F202-029C-0196-DDE21D6FA208">
<hideElementsInCurrentOnly>false</hideElementsInCurrentOnly>
<backgroundColor>-16777216</backgroundColor>
<lineWidth>1</lineWidth>
<points>
<point x="1018" y="441"/>
<point x="1018" y="538"/>
</points>
</Connector>
<Connector class="oracle.dbtools.crest.swingui.relational.TVFKRelation" oid="F68A4E2A-1BDA-5554-55AD-1FF27352D855" otype="FKIndexAssociation" vid_source="F06FA561-82F6-3FF2-0503-005F1B429819" vid_target="C4E09177-AC69-FC93-ED88-3576F2C72BCB">
<hideElementsInCurrentOnly>false</hideElementsInCurrentOnly>
<backgroundColor>-16777216</backgroundColor>
<lineWidth>1</lineWidth>
<points>
<point x="874" y="320"/>
<point x="708" y="320"/>
</points>
</Connector>
<Connector class="oracle.dbtools.crest.swingui.relational.TVFKRelation" oid="FFC7BC96-BDB2-0381-927F-A4ECA96BADEC" otype="FKIndexAssociation" vid_source="C137C11F-C9B6-4615-E7DE-F9FA6D5CEF79" vid_target="F06FA561-82F6-3FF2-0503-005F1B429819">
<hideElementsInCurrentOnly>false</hideElementsInCurrentOnly>
<backgroundColor>-16777216</backgroundColor>
<lineWidth>1</lineWidth>
<points>
<point x="1014" y="177"/>
<point x="1014" y="227"/>
</points>
</Connector>
</connectors>
</Diagram>