<?xml version = '1.0' encoding = 'UTF-8'?>
<FKIndexAssociation class="oracle.dbtools.crest.model.design.relational.FKIndexAssociation" directorySegmentName="seg_0" id="0120B39C-C2C1-388B-B572-4D4793AE5B56" containerWithKeyObject="756A7F35-20C8-3EF4-F0C4-A7ABF208E7DB" localFKIndex="0DB01D34-A2DD-8902-07CA-96B378385620" name="Tarefas_Servicos_FK">
<createdBy>leomg</createdBy>
<createdTime>2020-06-17 20:02:30 UTC</createdTime>
<ownerDesignName>modelo_logico_relacional</ownerDesignName>
<referredTableLongName>Servicos</referredTableLongName>
<deleteRule>NO ACTION</deleteRule>
<referredTableID>739BA626-FA9E-7DDF-28E9-844436D1C5A1</referredTableID>
<keyObject>DEF63CC6-7658-9A1D-7904-252A9B7A3C46</keyObject>
<referredKeyID>DEF63CC6-7658-9A1D-7904-252A9B7A3C46</referredKeyID>
<mandatory>true</mandatory>
<refColNames>id</refColNames>
<transferable>true</transferable>
<rely>false</rely>
<columnDependencyConstraintGenerateInDDL>true</columnDependencyConstraintGenerateInDDL>
</FKIndexAssociation>