<?xml version = '1.0' encoding = 'UTF-8'?>
<FKIndexAssociation class="oracle.dbtools.crest.model.design.relational.FKIndexAssociation" directorySegmentName="seg_0" id="52F3BF88-C411-1AF0-D81C-E3A67B66A662" containerWithKeyObject="6C82845A-BF2E-7CAD-89AB-7BBCB7BEBCA8" localFKIndex="C214B80C-B0B0-F758-626B-FEB7B58DF523" name="Vistorias_Funcionarios_FK">
<createdBy>leomg</createdBy>
<createdTime>2020-06-17 20:07:14 UTC</createdTime>
<ownerDesignName>modelo_logico_relacional</ownerDesignName>
<referredTableLongName>Funcionarios</referredTableLongName>
<deleteRule>NO ACTION</deleteRule>
<referredTableID>0161169A-EA2B-11C7-07F4-19E357CE8231</referredTableID>
<keyObject>9461345C-3E41-FEAC-260C-22889BA4410C</keyObject>
<referredKeyID>9461345C-3E41-FEAC-260C-22889BA4410C</referredKeyID>
<mandatory>true</mandatory>
<refColNames>id</refColNames>
<transferable>true</transferable>
<rely>false</rely>
<columnDependencyConstraintGenerateInDDL>true</columnDependencyConstraintGenerateInDDL>
</FKIndexAssociation>