<?xml version = '1.0' encoding = 'UTF-8'?>
<FKIndexAssociation class="oracle.dbtools.crest.model.design.relational.FKIndexAssociation" directorySegmentName="seg_0" id="CED448B7-B408-CEAF-4F48-0B6D42D0A055" containerWithKeyObject="739BA626-FA9E-7DDF-28E9-844436D1C5A1" localFKIndex="528D5DE2-5DB1-B979-EDBF-43DBF4BB9D05" name="Servicos_Vistorias_FK">
<createdBy>leomg</createdBy>
<createdTime>2020-06-17 20:03:35 UTC</createdTime>
<ownerDesignName>modelo_logico_relacional</ownerDesignName>
<referredTableLongName>Vistorias</referredTableLongName>
<deleteRule>NO ACTION</deleteRule>
<referredTableID>6C82845A-BF2E-7CAD-89AB-7BBCB7BEBCA8</referredTableID>
<keyObject>50D95100-5F1D-0A1B-6EEA-EE59F3511845</keyObject>
<referredKeyID>50D95100-5F1D-0A1B-6EEA-EE59F3511845</referredKeyID>
<mandatory>true</mandatory>
<refColNames>id</refColNames>
<transferable>true</transferable>
<rely>false</rely>
<columnDependencyConstraintGenerateInDDL>true</columnDependencyConstraintGenerateInDDL>
</FKIndexAssociation>