<?xml version = '1.0' encoding = 'UTF-8'?>
<FKIndexAssociation class="oracle.dbtools.crest.model.design.relational.FKIndexAssociation" directorySegmentName="seg_0" id="FF4F49EC-52A2-2AAB-0EE3-01AD4A209619" containerWithKeyObject="B7B399CC-00D2-EA2C-5B7B-4E6ABB0E6D90" localFKIndex="91A18084-DA67-D799-E35E-FA2746F85D29" name="Itens_Servicos_FK">
<createdBy>leomg</createdBy>
<createdTime>2020-06-17 20:02:54 UTC</createdTime>
<ownerDesignName>modelo_logico_relacional</ownerDesignName>
<referredTableLongName>Servicos</referredTableLongName>
<deleteRule>NO ACTION</deleteRule>
<referredTableID>739BA626-FA9E-7DDF-28E9-844436D1C5A1</referredTableID>
<keyObject>DEF63CC6-7658-9A1D-7904-252A9B7A3C46</keyObject>
<referredKeyID>DEF63CC6-7658-9A1D-7904-252A9B7A3C46</referredKeyID>
<mandatory>true</mandatory>
<refColNames>id</refColNames>
<transferable>true</transferable>
<rely>false</rely>
<columnDependencyConstraintGenerateInDDL>true</columnDependencyConstraintGenerateInDDL>
</FKIndexAssociation>