<?xml version = '1.0' encoding = 'UTF-8'?>
<Table class="oracle.dbtools.crest.model.design.relational.Table" directorySegmentName="seg_0" id="12B7044D-FD31-5A63-E9BF-BF1ED8C3844D" name="Veiculo">
<createdBy>leomg</createdBy>
<createdTime>2020-05-05 23:30:02 UTC</createdTime>
<ownerDesignName>modelo_logico_relacional</ownerDesignName>
<ordsAlias>table_5</ordsAlias>
<allowColumnReorder>false</allowColumnReorder>
<existDependencyGenerateInDDl>true</existDependencyGenerateInDDl>
<parsed>true</parsed>
<columns itemClass="oracle.dbtools.crest.model.design.relational.Column">
<Column name="id" id="12F12E4E-F4C6-5EA8-648A-11995F76237B">
<createdBy>leomg</createdBy>
<createdTime>2020-05-05 23:32:55 UTC</createdTime>
<ownerDesignName>modelo_logico_relacional</ownerDesignName>
<useDomainConstraints>false</useDomainConstraints>
<use>1</use>
<logicalDatatype>LOGDT011</logicalDatatype>
<ownDataTypeParameters>,,</ownDataTypeParameters>
<autoIncrementCycle>false</autoIncrementCycle>
</Column>
<Column name="placa" id="A7B1485A-E8B1-78A6-4886-D8F40356DF9D">
<createdBy>leomg</createdBy>
<createdTime>2020-05-05 23:30:41 UTC</createdTime>
<ownerDesignName>modelo_logico_relacional</ownerDesignName>
<useDomainConstraints>false</useDomainConstraints>
<use>1</use>
<logicalDatatype>LOGDT024</logicalDatatype>
<ownDataTypeParameters>,,</ownDataTypeParameters>
<autoIncrementCycle>false</autoIncrementCycle>
</Column>
<Column name="marca" id="ACD6DB9F-6438-5F2D-02F6-CE521295E643">
<createdBy>leomg</createdBy>
<createdTime>2020-05-05 23:30:41 UTC</createdTime>
<ownerDesignName>modelo_logico_relacional</ownerDesignName>
<useDomainConstraints>false</useDomainConstraints>
<use>1</use>
<logicalDatatype>LOGDT024</logicalDatatype>
<ownDataTypeParameters>,,</ownDataTypeParameters>
<autoIncrementCycle>false</autoIncrementCycle>
</Column>
<Column name="modelo" id="6A0B45C7-F309-715F-E787-0A9C710E580B">
<createdBy>leomg</createdBy>
<createdTime>2020-05-05 23:31:21 UTC</createdTime>
<ownerDesignName>modelo_logico_relacional</ownerDesignName>
<useDomainConstraints>false</useDomainConstraints>
<use>1</use>
<logicalDatatype>LOGDT024</logicalDatatype>
<ownDataTypeParameters>,,</ownDataTypeParameters>
<autoIncrementCycle>false</autoIncrementCycle>
</Column>
<Column name="km" id="4D9B6B2D-7973-AFDA-3E52-4000E7DC0BC3">
<createdBy>leomg</createdBy>
<createdTime>2020-05-05 23:32:55 UTC</createdTime>
<ownerDesignName>modelo_logico_relacional</ownerDesignName>
<useDomainConstraints>false</useDomainConstraints>
<use>1</use>
<logicalDatatype>LOGDT011</logicalDatatype>
<ownDataTypeParameters>,,</ownDataTypeParameters>
<autoIncrementCycle>false</autoIncrementCycle>
</Column>
<Column name="versao" id="7E62841F-9890-7645-2B0E-96E8D4012E56">
<createdBy>leomg</createdBy>
<createdTime>2020-05-05 23:32:55 UTC</createdTime>
<ownerDesignName>modelo_logico_relacional</ownerDesignName>
<useDomainConstraints>false</useDomainConstraints>
<use>1</use>
<logicalDatatype>LOGDT024</logicalDatatype>
<ownDataTypeParameters>,,</ownDataTypeParameters>
<autoIncrementCycle>false</autoIncrementCycle>
</Column>
<Column name="Clientes_id" id="AAE7A1E6-2DE2-DE4E-8910-CD4FE4037086">
<createdBy>arthu</createdBy>
<createdTime>2020-06-04 00:55:59 UTC</createdTime>
<ownerDesignName>modelo_logico_relacional</ownerDesignName>
<useDomainConstraints>false</useDomainConstraints>
<use>1</use>
<logicalDatatype>LOGDT011</logicalDatatype>
<ownDataTypeParameters>,,</ownDataTypeParameters>
<previousColumn>false</previousColumn>
<autoIncrementCycle>false</autoIncrementCycle>
<associations>
<colAssociation fkAssociation="5F362F13-2BA3-9C1F-50AC-BEB8DF5733F8" referredColumn="FD7311CE-FDDF-5F9A-22FF-F099CE5C2AC4"/>
</associations>
</Column>
</columns>
<indexes itemClass="oracle.dbtools.crest.model.design.relational.Index">
<ind_PK_UK id="978C6C4A-7AB5-06BD-C195-DBD82AA8F399" name="Veiculos_PK">
<createdBy>leomg</createdBy>
<createdTime>2020-05-05 23:32:55 UTC</createdTime>
<ownerDesignName>modelo_logico_relacional</ownerDesignName>
<pk>true</pk>
<indexState>Primary Constraint</indexState>
<isSurrogateKey>false</isSurrogateKey>
<indexColumnUsage>
<colUsage columnID="12F12E4E-F4C6-5EA8-648A-11995F76237B"/>
</indexColumnUsage>
</ind_PK_UK>
<ind_PK_UK id="8F906585-CFE7-8EF2-F2E5-D79271E71BD3" name="Veiculo__UN">
<createdBy>arthu</createdBy>
<createdTime>2020-06-04 01:01:42 UTC</createdTime>
<ownerDesignName>modelo_logico_relacional</ownerDesignName>
<indexState>Unique Constraint</indexState>
<isSurrogateKey>false</isSurrogateKey>
<indexColumnUsage>
<colUsage columnID="A7B1485A-E8B1-78A6-4886-D8F40356DF9D"/>
</indexColumnUsage>
</ind_PK_UK>
<ind_PK_UK id="F8AB32CE-5D50-EDED-2C6B-79D474213F86" name="Veiculo__UNv1">
<createdBy>arthu</createdBy>
<createdTime>2020-06-04 01:01:42 UTC</createdTime>
<ownerDesignName>modelo_logico_relacional</ownerDesignName>
<indexState>Unique Constraint</indexState>
<isSurrogateKey>false</isSurrogateKey>
<indexColumnUsage>
<colUsage columnID="12F12E4E-F4C6-5EA8-648A-11995F76237B"/>
</indexColumnUsage>
</ind_PK_UK>
<ind_PK_UK id="C886A375-F186-5A97-31D1-E05B1B575206" name="Veiculo_Clientes_FK">
<createdBy>arthu</createdBy>
<createdTime>2020-06-04 00:55:59 UTC</createdTime>
<ownerDesignName>modelo_logico_relacional</ownerDesignName>
<indexState>Foreign Key</indexState>
<isSurrogateKey>false</isSurrogateKey>
<indexColumnUsage>
<colUsage columnID="AAE7A1E6-2DE2-DE4E-8910-CD4FE4037086"/>
</indexColumnUsage>
</ind_PK_UK>
</indexes>
</Table>