<?xml version = '1.0' encoding = 'UTF-8'?>
<Table class="oracle.dbtools.crest.model.design.relational.Table" directorySegmentName="seg_0" id="756A7F35-20C8-3EF4-F0C4-A7ABF208E7DB" name="Tarefa">
<createdBy>leomg</createdBy>
<createdTime>2020-05-05 23:44:09 UTC</createdTime>
<ownerDesignName>modelo_logico_relacional</ownerDesignName>
<ordsAlias>table_8</ordsAlias>
<allowColumnReorder>false</allowColumnReorder>
<existDependencyGenerateInDDl>true</existDependencyGenerateInDDl>
<parsed>true</parsed>
<columns itemClass="oracle.dbtools.crest.model.design.relational.Column">
<Column name="Servico_id" id="8F8A9DCA-FEEF-89F7-F950-85ECEB90C6F2">
<createdBy>leomg</createdBy>
<createdTime>2020-05-22 16:16:05 UTC</createdTime>
<ownerDesignName>modelo_logico_relacional</ownerDesignName>
<useDomainConstraints>false</useDomainConstraints>
<use>1</use>
<logicalDatatype>LOGDT011</logicalDatatype>
<ownDataTypeParameters>,,</ownDataTypeParameters>
<previousColumn>false</previousColumn>
<autoIncrementCycle>false</autoIncrementCycle>
<associations>
<colAssociation fkAssociation="AC462134-9811-F6AF-730C-3B1EB26A85EF" referredColumn="ECC8D1F0-FEC4-83EE-A6FB-72F94474ABC9"/>
</associations>
</Column>
<Column name="Funcionario_id" id="CAFE4CFE-E53D-EBA9-4F11-FE60A137F2EE">
<createdBy>arthu</createdBy>
<createdTime>2020-06-04 00:57:22 UTC</createdTime>
<ownerDesignName>modelo_logico_relacional</ownerDesignName>
<useDomainConstraints>false</useDomainConstraints>
<use>1</use>
<logicalDatatype>LOGDT011</logicalDatatype>
<ownDataTypeParameters>,,</ownDataTypeParameters>
<previousColumn>false</previousColumn>
<autoIncrementCycle>false</autoIncrementCycle>
<associations>
<colAssociation fkAssociation="942ECA99-BF2A-18FD-3220-3BA70FDC94BF" referredColumn="9B98DFE5-5C5B-1A6D-08ED-B3DEE484FDCA"/>
</associations>
</Column>
</columns>
<indexes itemClass="oracle.dbtools.crest.model.design.relational.Index">
<ind_PK_UK id="589376D8-128B-E07A-0DE6-E16D75F95A0F" name="Tarefa_Funcionario_FK">
<createdBy>leomg</createdBy>
<createdTime>2020-05-22 16:09:25 UTC</createdTime>
<ownerDesignName>modelo_logico_relacional</ownerDesignName>
<indexState>Foreign Key</indexState>
<isSurrogateKey>false</isSurrogateKey>
<indexColumnUsage>
<colUsage columnID="CAFE4CFE-E53D-EBA9-4F11-FE60A137F2EE"/>
</indexColumnUsage>
</ind_PK_UK>
<ind_PK_UK id="B6C1DB09-C160-AFA1-EBF1-9E4A1D9ED0ED" name="Tarefa_Servico_FK">
<createdBy>leomg</createdBy>
<createdTime>2020-05-22 16:16:05 UTC</createdTime>
<ownerDesignName>modelo_logico_relacional</ownerDesignName>
<indexState>Foreign Key</indexState>
<isSurrogateKey>false</isSurrogateKey>
<indexColumnUsage>
<colUsage columnID="8F8A9DCA-FEEF-89F7-F950-85ECEB90C6F2"/>
</indexColumnUsage>
</ind_PK_UK>
</indexes>
</Table>