<?xml version = '1.0' encoding = 'UTF-8'?>
<Table class="oracle.dbtools.crest.model.design.relational.Table" directorySegmentName="seg_0" id="8FE87AD7-5F22-81F2-18A1-1D0D15C5F22C" name="Clientes">
<createdBy>arthu</createdBy>
<createdTime>2020-06-04 00:51:13 UTC</createdTime>
<ownerDesignName>modelo_logico_relacional</ownerDesignName>
<ordsAlias>table_11</ordsAlias>
<allowColumnReorder>false</allowColumnReorder>
<existDependencyGenerateInDDl>true</existDependencyGenerateInDDl>
<parsed>true</parsed>
<columns itemClass="oracle.dbtools.crest.model.design.relational.Column">
<Column name="id" id="FD7311CE-FDDF-5F9A-22FF-F099CE5C2AC4">
<createdBy>arthu</createdBy>
<createdTime>2020-06-04 00:52:34 UTC</createdTime>
<ownerDesignName>modelo_logico_relacional</ownerDesignName>
<useDomainConstraints>false</useDomainConstraints>
<use>1</use>
<logicalDatatype>LOGDT011</logicalDatatype>
<ownDataTypeParameters>,,</ownDataTypeParameters>
<autoIncrementCycle>false</autoIncrementCycle>
</Column>
<Column name="telefone" id="7FCF41CA-64B8-B1FD-CA0B-FFC527E520CF">
<createdBy>arthu</createdBy>
<createdTime>2020-06-04 00:52:34 UTC</createdTime>
<ownerDesignName>modelo_logico_relacional</ownerDesignName>
<nullsAllowed>true</nullsAllowed>
<useDomainConstraints>false</useDomainConstraints>
<use>1</use>
<logicalDatatype>LOGDT024</logicalDatatype>
<ownDataTypeParameters>,,</ownDataTypeParameters>
<autoIncrementCycle>false</autoIncrementCycle>
</Column>
<Column name="email" id="AE34C9F8-2A99-2E78-0EEF-4C8749CE59B9">
<createdBy>arthu</createdBy>
<createdTime>2020-06-04 00:52:34 UTC</createdTime>
<ownerDesignName>modelo_logico_relacional</ownerDesignName>
<nullsAllowed>true</nullsAllowed>
<useDomainConstraints>false</useDomainConstraints>
<use>1</use>
<logicalDatatype>LOGDT024</logicalDatatype>
<ownDataTypeParameters>,,</ownDataTypeParameters>
<autoIncrementCycle>false</autoIncrementCycle>
</Column>
</columns>
<indexes itemClass="oracle.dbtools.crest.model.design.relational.Index">
<ind_PK_UK id="39110DA5-C377-726D-995A-175CAB019695" name="Clientes_PK">
<createdBy>arthu</createdBy>
<createdTime>2020-06-04 00:52:34 UTC</createdTime>
<ownerDesignName>modelo_logico_relacional</ownerDesignName>
<pk>true</pk>
<indexState>Primary Constraint</indexState>
<isSurrogateKey>false</isSurrogateKey>
<indexColumnUsage>
<colUsage columnID="FD7311CE-FDDF-5F9A-22FF-F099CE5C2AC4"/>
</indexColumnUsage>
</ind_PK_UK>
<ind_PK_UK id="15542983-E6B6-0702-8BBA-459F9E101A2C" name="Clientes__UN">
<createdBy>arthu</createdBy>
<createdTime>2020-06-04 00:59:08 UTC</createdTime>
<ownerDesignName>modelo_logico_relacional</ownerDesignName>
<indexState>Unique Constraint</indexState>
<isSurrogateKey>false</isSurrogateKey>
<indexColumnUsage>
<colUsage columnID="AE34C9F8-2A99-2E78-0EEF-4C8749CE59B9"/>
</indexColumnUsage>
</ind_PK_UK>
<ind_PK_UK id="96F8460A-1E8B-5A17-3E18-926229BCF884" name="Clientes__UNv1">
<createdBy>arthu</createdBy>
<createdTime>2020-06-04 00:59:40 UTC</createdTime>
<ownerDesignName>modelo_logico_relacional</ownerDesignName>
<indexState>Unique Constraint</indexState>
<isSurrogateKey>false</isSurrogateKey>
<indexColumnUsage>
<colUsage columnID="7FCF41CA-64B8-B1FD-CA0B-FFC527E520CF"/>
</indexColumnUsage>
</ind_PK_UK>
<ind_PK_UK id="497B9237-CD43-971D-71BC-EE38EAE500FC" name="Clientes__UNv1v1">
<createdBy>arthu</createdBy>
<createdTime>2020-06-04 00:59:40 UTC</createdTime>
<ownerDesignName>modelo_logico_relacional</ownerDesignName>
<indexState>Unique Constraint</indexState>
<isSurrogateKey>false</isSurrogateKey>
<indexColumnUsage>
<colUsage columnID="FD7311CE-FDDF-5F9A-22FF-F099CE5C2AC4"/>
</indexColumnUsage>
</ind_PK_UK>
</indexes>
</Table>