<?xml version = '1.0' encoding = 'UTF-8'?>
<Diagram class="oracle.dbtools.crest.swingui.relational.DPVRelational" name="Relacional" id="67844AE5-9E9A-CF36-2748-6A6C5EF5F1E4">
<createdBy>felip</createdBy>
<modifiedBy>felip</modifiedBy>
<createdTime>2020-04-01 00:14:04 UTC</createdTime>
<autoRoute>false</autoRoute>
<boxInbox>true</boxInbox>
<showLegend>false</showLegend>
<showLabels>false</showLabels>
<showRelAttributes>false</showRelAttributes>
<gridEnabled>false</gridEnabled>
<showGrid>false</showGrid>
<diagramColor>-1</diagramColor>
<display>false</display>
<notation>1</notation>
<objectViews>
<OView class="oracle.dbtools.crest.swingui.relational.TVTable" oid="0161169A-EA2B-11C7-07F4-19E357CE8231" otype="Table" vid="1FD28C62-123A-6353-1041-099B11434B4E">
<hideElementsInCurrentOnly>false</hideElementsInCurrentOnly>
<bounds x="1310" y="272" width="226" height="193"/>
</OView>
<OView class="oracle.dbtools.crest.swingui.relational.TVTable" oid="12B7044D-FD31-5A63-E9BF-BF1ED8C3844D" otype="Table" vid="D1EF93F1-8534-BBD4-9DFB-E0EFFE534AB9">
<hideElementsInCurrentOnly>false</hideElementsInCurrentOnly>
<bounds x="489" y="5" width="215" height="206"/>
</OView>
<OView class="oracle.dbtools.crest.swingui.relational.TVTable" oid="3A6B18BD-A8AF-2CAF-456E-C0625068B687" otype="Table" vid="F329F1D3-2655-FED2-3F06-8D5D16DEDB1F">
<hideElementsInCurrentOnly>false</hideElementsInCurrentOnly>
<bounds x="519" y="382" width="196" height="113"/>
</OView>
<OView class="oracle.dbtools.crest.swingui.relational.TVTable" oid="478F3E4D-1588-F96E-2CFE-19548FEFD5BE" otype="Table" vid="6F15A772-E830-3274-A1E0-679BEC3383D0">
<hideElementsInCurrentOnly>false</hideElementsInCurrentOnly>
<bounds x="4" y="261" width="222" height="164"/>
</OView>
<OView class="oracle.dbtools.crest.swingui.relational.TVTable" oid="63D93FCC-CA87-01A5-5EEC-B93E6FC26C3E" otype="Table" vid="556F28D8-CC0D-F9B8-B43B-0C86599E0D48">
<hideElementsInCurrentOnly>false</hideElementsInCurrentOnly>
<bounds x="244" y="261" width="209" height="147"/>
</OView>
<OView class="oracle.dbtools.crest.swingui.relational.TVTable" oid="6C82845A-BF2E-7CAD-89AB-7BBCB7BEBCA8" otype="Table" vid="C137C11F-C9B6-4615-E7DE-F9FA6D5CEF79">
<hideElementsInCurrentOnly>false</hideElementsInCurrentOnly>
<bounds x="888" y="6" width="260" height="203"/>
</OView>
<OView class="oracle.dbtools.crest.swingui.relational.TVTable" oid="739BA626-FA9E-7DDF-28E9-844436D1C5A1" otype="Table" vid="F06FA561-82F6-3FF2-0503-005F1B429819">
<hideElementsInCurrentOnly>false</hideElementsInCurrentOnly>
<bounds x="882" y="234" width="272" height="223"/>
</OView>
<OView class="oracle.dbtools.crest.swingui.relational.TVTable" oid="756A7F35-20C8-3EF4-F0C4-A7ABF208E7DB" otype="Table" vid="50A19C1D-F202-029C-0196-DDE21D6FA208">
<hideElementsInCurrentOnly>false</hideElementsInCurrentOnly>
<bounds x="892" y="509" width="256" height="109"/>
</OView>
<OView class="oracle.dbtools.crest.swingui.relational.TVTable" oid="8B27EC4D-33EC-9A4D-4079-17BBA9CF7EB9" otype="Table" vid="C0B84EF5-A816-4991-B51F-563AE8911964">
<hideElementsInCurrentOnly>false</hideElementsInCurrentOnly>
<bounds x="14" y="705" width="197" height="131"/>
</OView>
<OView class="oracle.dbtools.crest.swingui.relational.TVTable" oid="8FE87AD7-5F22-81F2-18A1-1D0D15C5F22C" otype="Table" vid="FF9E2D00-492F-E5F2-9D48-9957F7963C81">
<hideElementsInCurrentOnly>false</hideElementsInCurrentOnly>
<bounds x="138" y="4" width="230" height="163"/>
</OView>
<OView class="oracle.dbtools.crest.swingui.relational.TVTable" oid="9AFD6B65-D1A1-F031-8118-8B328A462CE9" otype="Table" vid="92CE2A1A-2883-CC6A-F81B-1D3095D2435B">
<hideElementsInCurrentOnly>false</hideElementsInCurrentOnly>
<bounds x="492" y="684" width="264" height="169"/>
</OView>
<OView class="oracle.dbtools.crest.swingui.relational.TVTable" oid="B7B399CC-00D2-EA2C-5B7B-4E6ABB0E6D90" otype="Table" vid="C4E09177-AC69-FC93-ED88-3576F2C72BCB">
<hideElementsInCurrentOnly>false</hideElementsInCurrentOnly>
<bounds x="524" y="237" width="197" height="121"/>
</OView>
<OView class="oracle.dbtools.crest.swingui.relational.TVTable" oid="C6E24A94-D6B7-79C2-C845-61EF830314E1" otype="Table" vid="B97D3AF7-3DB8-8259-51E3-944BC0E6623C">
<hideElementsInCurrentOnly>false</hideElementsInCurrentOnly>
<bounds x="502" y="533" width="240" height="120"/>
</OView>
</objectViews>
<connectors>
<Connector class="oracle.dbtools.crest.swingui.relational.TVFKRelation" oid="0120B39C-C2C1-388B-B572-4D4793AE5B56" otype="FKIndexAssociation" vid_source="F06FA561-82F6-3FF2-0503-005F1B429819" vid_target="50A19C1D-F202-029C-0196-DDE21D6FA208">
<hideElementsInCurrentOnly>false</hideElementsInCurrentOnly>
<backgroundColor>-16777216</backgroundColor>
<lineWidth>1</lineWidth>
<points>
<point x="1035" y="457"/>
<point x="1035" y="509"/>
</points>
</Connector>
<Connector class="oracle.dbtools.crest.swingui.relational.TVFKRelation" oid="1D3AEC43-D628-92AA-841E-DABCE8C55461" otype="FKIndexAssociation" vid_source="F329F1D3-2655-FED2-3F06-8D5D16DEDB1F" vid_target="B97D3AF7-3DB8-8259-51E3-944BC0E6623C">
<hideElementsInCurrentOnly>false</hideElementsInCurrentOnly>
<backgroundColor>-16777216</backgroundColor>
<lineWidth>1</lineWidth>
<points>
<point x="632" y="495"/>
<point x="632" y="533"/>
</points>
</Connector>
<Connector class="oracle.dbtools.crest.swingui.relational.TVFKRelation" oid="1E9F9717-5B56-4726-E885-E5D68DDD0439" otype="FKIndexAssociation" vid_source="92CE2A1A-2883-CC6A-F81B-1D3095D2435B" vid_target="B97D3AF7-3DB8-8259-51E3-944BC0E6623C">
<hideElementsInCurrentOnly>false</hideElementsInCurrentOnly>
<backgroundColor>-16777216</backgroundColor>
<lineWidth>1</lineWidth>
<points>
<point x="607" y="684"/>
<point x="607" y="653"/>
</points>
</Connector>
<Connector class="oracle.dbtools.crest.swingui.relational.TVFKRelation" oid="52F3BF88-C411-1AF0-D81C-E3A67B66A662" otype="FKIndexAssociation" vid_source="1FD28C62-123A-6353-1041-099B11434B4E" vid_target="C137C11F-C9B6-4615-E7DE-F9FA6D5CEF79">
<hideElementsInCurrentOnly>false</hideElementsInCurrentOnly>
<backgroundColor>-16777216</backgroundColor>
<lineWidth>1</lineWidth>
<points>
<point x="1422" y="272"/>
<point x="1422" y="82"/>
<point x="1148" y="82"/>
</points>
</Connector>
<Connector class="oracle.dbtools.crest.swingui.relational.TVFKRelation" oid="5F362F13-2BA3-9C1F-50AC-BEB8DF5733F8" otype="FKIndexAssociation" vid_source="FF9E2D00-492F-E5F2-9D48-9957F7963C81" vid_target="D1EF93F1-8534-BBD4-9DFB-E0EFFE534AB9">
<hideElementsInCurrentOnly>false</hideElementsInCurrentOnly>
<backgroundColor>-16777216</backgroundColor>
<lineWidth>1</lineWidth>
<points>
<point x="368" y="86"/>
<point x="489" y="86"/>
</points>
</Connector>
<Connector class="oracle.dbtools.crest.swingui.relational.TVFKRelation" oid="6909C238-E39A-99A6-B495-590EEB8D8E1C" otype="FKIndexAssociation" vid_source="C0B84EF5-A816-4991-B51F-563AE8911964" vid_target="92CE2A1A-2883-CC6A-F81B-1D3095D2435B">
<hideElementsInCurrentOnly>false</hideElementsInCurrentOnly>
<backgroundColor>-16777216</backgroundColor>
<lineWidth>1</lineWidth>
<points>
<point x="211" y="785"/>
<point x="492" y="785"/>
</points>
</Connector>
<Connector class="oracle.dbtools.crest.swingui.relational.TVFKRelation" oid="9216D67D-7028-780A-4BE8-F72F9EB9CC3C" otype="FKIndexAssociation" vid_source="1FD28C62-123A-6353-1041-099B11434B4E" vid_target="92CE2A1A-2883-CC6A-F81B-1D3095D2435B">
<hideElementsInCurrentOnly>false</hideElementsInCurrentOnly>
<backgroundColor>-16777216</backgroundColor>
<lineWidth>1</lineWidth>
<points>
<point x="1495" y="465"/>
<point x="1495" y="784"/>
<point x="756" y="784"/>
</points>
</Connector>
<Connector class="oracle.dbtools.crest.swingui.relational.TVFKRelation" oid="9F4D3D0E-9156-2218-8DC5-766B0F68E446" otype="FKIndexAssociation" vid_source="F329F1D3-2655-FED2-3F06-8D5D16DEDB1F" vid_target="C4E09177-AC69-FC93-ED88-3576F2C72BCB">
<hideElementsInCurrentOnly>false</hideElementsInCurrentOnly>
<backgroundColor>-16777216</backgroundColor>
<lineWidth>1</lineWidth>
<points>
<point x="604" y="382"/>
<point x="604" y="358"/>
</points>
</Connector>
<Connector class="oracle.dbtools.crest.swingui.relational.TVFKRelation" oid="A89E079B-9455-9552-9998-13271C478EA3" otype="FKIndexAssociation" vid_source="1FD28C62-123A-6353-1041-099B11434B4E" vid_target="50A19C1D-F202-029C-0196-DDE21D6FA208">
<hideElementsInCurrentOnly>false</hideElementsInCurrentOnly>
<backgroundColor>-16777216</backgroundColor>
<lineWidth>1</lineWidth>
<points>
<point x="1391" y="465"/>
<point x="1391" y="565"/>
<point x="1148" y="565"/>
</points>
</Connector>
<Connector class="oracle.dbtools.crest.swingui.relational.TVFKRelation" oid="AF2AAEA5-4E62-2DAC-FBEE-4AC2D1770E07" otype="FKIndexAssociation" vid_source="FF9E2D00-492F-E5F2-9D48-9957F7963C81" vid_target="556F28D8-CC0D-F9B8-B43B-0C86599E0D48">
<hideElementsInCurrentOnly>false</hideElementsInCurrentOnly>
<backgroundColor>-16777216</backgroundColor>
<lineWidth>1</lineWidth>
<points>
<point x="306" y="167"/>
<point x="306" y="261"/>
</points>
</Connector>
<Connector class="oracle.dbtools.crest.swingui.relational.TVFKRelation" oid="C4C1B269-BB44-34E0-463B-A7B09FBA25D9" otype="FKIndexAssociation" vid_source="FF9E2D00-492F-E5F2-9D48-9957F7963C81" vid_target="6F15A772-E830-3274-A1E0-679BEC3383D0">
<hideElementsInCurrentOnly>false</hideElementsInCurrentOnly>
<backgroundColor>-16777216</backgroundColor>
<lineWidth>1</lineWidth>
<points>
<point x="167" y="167"/>
<point x="167" y="261"/>
</points>
</Connector>
<Connector class="oracle.dbtools.crest.swingui.relational.TVFKRelation" oid="C6919238-8A9E-D83A-3A52-B7B54D398792" otype="FKIndexAssociation" vid_source="D1EF93F1-8534-BBD4-9DFB-E0EFFE534AB9" vid_target="C137C11F-C9B6-4615-E7DE-F9FA6D5CEF79">
<hideElementsInCurrentOnly>false</hideElementsInCurrentOnly>
<backgroundColor>-16777216</backgroundColor>
<lineWidth>1</lineWidth>
<points>
<point x="704" y="122"/>
<point x="888" y="122"/>
</points>
</Connector>
<Connector class="oracle.dbtools.crest.swingui.relational.TVFKRelation" oid="CED448B7-B408-CEAF-4F48-0B6D42D0A055" otype="FKIndexAssociation" vid_source="C137C11F-C9B6-4615-E7DE-F9FA6D5CEF79" vid_target="F06FA561-82F6-3FF2-0503-005F1B429819">
<hideElementsInCurrentOnly>false</hideElementsInCurrentOnly>
<backgroundColor>-16777216</backgroundColor>
<lineWidth>1</lineWidth>
<points>
<point x="1033" y="209"/>
<point x="1033" y="234"/>
</points>
</Connector>
<Connector class="oracle.dbtools.crest.swingui.relational.TVFKRelation" oid="FF4F49EC-52A2-2AAB-0EE3-01AD4A209619" otype="FKIndexAssociation" vid_source="F06FA561-82F6-3FF2-0503-005F1B429819" vid_target="C4E09177-AC69-FC93-ED88-3576F2C72BCB">
<hideElementsInCurrentOnly>false</hideElementsInCurrentOnly>
<backgroundColor>-16777216</backgroundColor>
<lineWidth>1</lineWidth>
<points>
<point x="882" y="312"/>
<point x="721" y="312"/>
</points>
</Connector>
</connectors>
</Diagram>