<?xml version = '1.0' encoding = 'UTF-8'?>
<Entity class="oracle.dbtools.crest.model.design.logical.Entity" directorySegmentName="seg_0" id="04187822-9C6E-485F-277C-955053A92073" name="Cliente_pf">
<createdBy>felip</createdBy>
<createdTime>2020-04-03 23:42:43 UTC</createdTime>
<ownerDesignName>modelo_logico_relacional</ownerDesignName>
<engineerTo>
<item key="784B2550-A4EE-D540-0102-320698221025" value="true"/>
</engineerTo>
<adequatelyNormalized>NO</adequatelyNormalized>
<expectedVolumes>0</expectedVolumes>
<fwdEngineeringStrategyName>Single Table</fwdEngineeringStrategyName>
<growthPercent>0</growthPercent>
<growthType>Year</growthType>
<hierarchicalParent>C4CD246D-DAC5-315C-608B-670EBEEECC5D</hierarchicalParent>
<maxVolumes>9999999</maxVolumes>
<minVolumes>0</minVolumes>
<normalForm>Third</normalForm>
<attributes itemClass="oracle.dbtools.crest.model.design.logical.Attribute">
<Attribute name="cpf" id="B2074277-3D27-0628-6FBF-084AADA1BF00">
<createdBy>felip</createdBy>
<createdTime>2020-04-09 00:37:06 UTC</createdTime>
<ownerDesignName>modelo_logico_relacional</ownerDesignName>
<engineerTo>
<item key="784B2550-A4EE-D540-0102-320698221025" value="true"/>
</engineerTo>
<use>0</use>
<ownDataTypeParameters>,,</ownDataTypeParameters>
</Attribute>
<Attribute name="nome" id="B0F97387-4340-939C-4F12-BFA832E11264">
<createdBy>arthu</createdBy>
<createdTime>2020-04-23 19:47:44 UTC</createdTime>
<ownerDesignName>modelo_logico_relacional</ownerDesignName>
<engineerTo>
<item key="784B2550-A4EE-D540-0102-320698221025" value="true"/>
</engineerTo>
<use>0</use>
<ownDataTypeParameters>,,</ownDataTypeParameters>
</Attribute>
<Attribute name="id" id="A36D3755-0D55-A948-3AA5-DAE5CE8DEC71">
<createdBy>arthu</createdBy>
<createdTime>2020-06-04 01:12:37 UTC</createdTime>
<ownerDesignName>modelo_logico_relacional</ownerDesignName>
<engineerTo>
<item key="784B2550-A4EE-D540-0102-320698221025" value="true"/>
</engineerTo>
<use>0</use>
<ownDataTypeParameters>,,</ownDataTypeParameters>
</Attribute>
</attributes>
<identifiers itemClass="oracle.dbtools.crest.model.design.logical.CandidateKey">
<identifier id="3482F4AE-F023-C653-3516-3D9D350BE619" name="cliente pf PK">
<createdBy>arthu</createdBy>
<createdTime>2020-04-23 12:09:24 UTC</createdTime>
<ownerDesignName>modelo_logico_relacional</ownerDesignName>
<engineerTo>
<item key="784B2550-A4EE-D540-0102-320698221025" value="true"/>
</engineerTo>
<newElementsIDs>B2074277-3D27-0628-6FBF-084AADA1BF00</newElementsIDs>
<usedAttributes>
<attributeRef>B2074277-3D27-0628-6FBF-084AADA1BF00</attributeRef>
</usedAttributes>
</identifier>
<identifier id="17C78834-AC28-89D6-88B1-FC2080960939" name="Cliente_pf PK">
<createdBy>arthu</createdBy>
<createdTime>2020-06-04 01:13:21 UTC</createdTime>
<ownerDesignName>modelo_logico_relacional</ownerDesignName>
<engineerTo>
<item key="784B2550-A4EE-D540-0102-320698221025" value="true"/>
</engineerTo>
<pk>true</pk>
<usedAttributes>
<attributeRef>A36D3755-0D55-A948-3AA5-DAE5CE8DEC71</attributeRef>
</usedAttributes>
</identifier>
</identifiers>
</Entity>