<?xml version = '1.0' encoding = 'UTF-8'?>
<Entity class="oracle.dbtools.crest.model.design.logical.Entity" directorySegmentName="seg_0" id="47C210D2-38E4-B6FE-70EA-1E8F7292E2C7" name="Compra_Produto">
<createdBy>leomg</createdBy>
<createdTime>2020-06-17 19:31:48 UTC</createdTime>
<ownerDesignName>modelo_logico_relacional</ownerDesignName>
<engineerTo>
<item key="784B2550-A4EE-D540-0102-320698221025" value="true"/>
</engineerTo>
<adequatelyNormalized>NO</adequatelyNormalized>
<expectedVolumes>0</expectedVolumes>
<fwdEngineeringStrategyName>Single Table</fwdEngineeringStrategyName>
<growthPercent>0</growthPercent>
<growthType>Year</growthType>
<maxVolumes>9999999</maxVolumes>
<minVolumes>0</minVolumes>
<normalForm>Third</normalForm>
<attributes itemClass="oracle.dbtools.crest.model.design.logical.Attribute">
<Attribute name="item" id="F534CFF2-4C79-3439-A436-F23AEDF4F468">
<createdBy>leomg</createdBy>
<createdTime>2020-06-17 19:32:27 UTC</createdTime>
<generatorID>96B58B7C-50FE-4681-5360-A29A9E66AAF2</generatorID>
<ownerDesignName>modelo_logico_relacional</ownerDesignName>
<engineerTo>
<item key="784B2550-A4EE-D540-0102-320698221025" value="true"/>
</engineerTo>
<referedAttribute>E2C392A2-8D29-3AAC-F31D-AC536698F36C</referedAttribute>
<use>0</use>
<ownDataTypeParameters>,,</ownDataTypeParameters>
</Attribute>
<Attribute name="marca" id="78C8E5DD-46B9-5FA5-6814-774EC2C010E2">
<createdBy>leomg</createdBy>
<createdTime>2020-06-17 19:32:27 UTC</createdTime>
<generatorID>96B58B7C-50FE-4681-5360-A29A9E66AAF2</generatorID>
<ownerDesignName>modelo_logico_relacional</ownerDesignName>
<engineerTo>
<item key="784B2550-A4EE-D540-0102-320698221025" value="true"/>
</engineerTo>
<referedAttribute>050A8C73-47A0-E9EC-1201-C0A33B6DEDAC</referedAttribute>
<use>0</use>
<ownDataTypeParameters>,,</ownDataTypeParameters>
</Attribute>
<Attribute name="data" id="CCB3A4E0-7237-0833-7EE7-90535A1EB3CB">
<createdBy>leomg</createdBy>
<createdTime>2020-06-17 19:32:36 UTC</createdTime>
<generatorID>E49FF4E5-3A61-4A4D-C8BB-FE3E461B32E9</generatorID>
<ownerDesignName>modelo_logico_relacional</ownerDesignName>
<engineerTo>
<item key="784B2550-A4EE-D540-0102-320698221025" value="true"/>
</engineerTo>
<referedAttribute>69ED59C5-4308-B363-6F9E-AD133A122DB8</referedAttribute>
<use>0</use>
<ownDataTypeParameters>,,</ownDataTypeParameters>
</Attribute>
<Attribute name="id" id="ECFD754F-B465-FB38-F2BE-50DB40E70926">
<createdBy>leomg</createdBy>
<createdTime>2020-06-17 19:32:36 UTC</createdTime>
<generatorID>E49FF4E5-3A61-4A4D-C8BB-FE3E461B32E9</generatorID>
<ownerDesignName>modelo_logico_relacional</ownerDesignName>
<engineerTo>
<item key="784B2550-A4EE-D540-0102-320698221025" value="true"/>
</engineerTo>
<referedAttribute>C5AA0291-2D46-204B-F49A-C0AA954B91F8</referedAttribute>
<use>0</use>
<ownDataTypeParameters>,,</ownDataTypeParameters>
</Attribute>
<Attribute name="quantidade" id="9CB974F2-D175-9843-98F2-51EB3F3495A2">
<createdBy>leomg</createdBy>
<createdTime>2020-06-17 19:41:07 UTC</createdTime>
<ownerDesignName>modelo_logico_relacional</ownerDesignName>
<engineerTo>
<item key="784B2550-A4EE-D540-0102-320698221025" value="true"/>
</engineerTo>
<use>0</use>
<ownDataTypeParameters>,,</ownDataTypeParameters>
</Attribute>
</attributes>
</Entity>