<?xml version = '1.0' encoding = 'UTF-8'?>
<Entity class="oracle.dbtools.crest.model.design.logical.Entity" directorySegmentName="seg_0" id="81FC0053-8765-91D8-7949-D82016496049" name="Produto">
<createdBy>leomg</createdBy>
<createdTime>2020-06-17 19:12:46 UTC</createdTime>
<ownerDesignName>modelo_logico_relacional</ownerDesignName>
<engineerTo>
<item key="784B2550-A4EE-D540-0102-320698221025" value="true"/>
</engineerTo>
<adequatelyNormalized>NO</adequatelyNormalized>
<expectedVolumes>0</expectedVolumes>
<fwdEngineeringStrategyName>Single Table</fwdEngineeringStrategyName>
<growthPercent>0</growthPercent>
<growthType>Year</growthType>
<maxVolumes>9999999</maxVolumes>
<minVolumes>0</minVolumes>
<normalForm>Third</normalForm>
<attributes itemClass="oracle.dbtools.crest.model.design.logical.Attribute">
<Attribute name="item" id="E2C392A2-8D29-3AAC-F31D-AC536698F36C">
<createdBy>leomg</createdBy>
<createdTime>2020-06-17 19:17:02 UTC</createdTime>
<ownerDesignName>modelo_logico_relacional</ownerDesignName>
<engineerTo>
<item key="784B2550-A4EE-D540-0102-320698221025" value="true"/>
</engineerTo>
<use>0</use>
<ownDataTypeParameters>,,</ownDataTypeParameters>
</Attribute>
<Attribute name="categoria" id="84FEB995-BE78-9828-9C23-EC281F151F6D">
<createdBy>leomg</createdBy>
<createdTime>2020-06-17 19:14:06 UTC</createdTime>
<ownerDesignName>modelo_logico_relacional</ownerDesignName>
<engineerTo>
<item key="784B2550-A4EE-D540-0102-320698221025" value="true"/>
</engineerTo>
<use>0</use>
<ownDataTypeParameters>,,</ownDataTypeParameters>
</Attribute>
<Attribute name="marca" id="050A8C73-47A0-E9EC-1201-C0A33B6DEDAC">
<createdBy>leomg</createdBy>
<createdTime>2020-06-17 19:16:00 UTC</createdTime>
<ownerDesignName>modelo_logico_relacional</ownerDesignName>
<engineerTo>
<item key="784B2550-A4EE-D540-0102-320698221025" value="true"/>
</engineerTo>
<use>0</use>
<ownDataTypeParameters>,,</ownDataTypeParameters>
</Attribute>
</attributes>
<identifiers itemClass="oracle.dbtools.crest.model.design.logical.CandidateKey">
<identifier id="F717E691-DB3C-19AE-EFDE-BFBA1094FC41" name="item_marca_unique">
<createdBy>leomg</createdBy>
<createdTime>2020-06-17 19:22:32 UTC</createdTime>
<ownerDesignName>modelo_logico_relacional</ownerDesignName>
<engineerTo>
<item key="784B2550-A4EE-D540-0102-320698221025" value="true"/>
</engineerTo>
<newElementsIDs>E2C392A2-8D29-3AAC-F31D-AC536698F36C,050A8C73-47A0-E9EC-1201-C0A33B6DEDAC</newElementsIDs>
<usedAttributes>
<attributeRef>E2C392A2-8D29-3AAC-F31D-AC536698F36C</attributeRef>
<attributeRef>050A8C73-47A0-E9EC-1201-C0A33B6DEDAC</attributeRef>
</usedAttributes>
</identifier>
</identifiers>
</Entity>