<?xml version = '1.0' encoding = 'UTF-8'?>
<Entity class="oracle.dbtools.crest.model.design.logical.Entity" directorySegmentName="seg_0" id="C0BE5A42-BFCA-2DE3-49FE-139E7EA9D363" name="Fornecedor">
<createdBy>felip</createdBy>
<createdTime>2020-04-01 01:13:53 UTC</createdTime>
<ownerDesignName>modelo_relacional</ownerDesignName>
<engineerTo>
<item key="784B2550-A4EE-D540-0102-320698221025" value="true"/>
</engineerTo>
<adequatelyNormalized>NO</adequatelyNormalized>
<expectedVolumes>0</expectedVolumes>
<fwdEngineeringStrategyName>Single Table</fwdEngineeringStrategyName>
<growthPercent>0</growthPercent>
<growthType>Year</growthType>
<maxVolumes>9999999</maxVolumes>
<minVolumes>0</minVolumes>
<normalForm>Third</normalForm>
<attributes itemClass="oracle.dbtools.crest.model.design.logical.Attribute">
<Attribute name="cnpj" id="AB880CD5-2CDD-E5CE-1A61-5092F689728D">
<createdBy>felip</createdBy>
<createdTime>2020-04-09 01:13:32 UTC</createdTime>
<ownerDesignName>modelo_relacional</ownerDesignName>
<engineerTo>
<item key="784B2550-A4EE-D540-0102-320698221025" value="true"/>
</engineerTo>
<use>0</use>
<ownDataTypeParameters>,,</ownDataTypeParameters>
</Attribute>
<Attribute name="razao_social" id="BE6A8B00-36CF-6698-35E4-2AFE4975E4D8">
<createdBy>felip</createdBy>
<createdTime>2020-04-09 01:13:29 UTC</createdTime>
<ownerDesignName>modelo_relacional</ownerDesignName>
<engineerTo>
<item key="784B2550-A4EE-D540-0102-320698221025" value="true"/>
</engineerTo>
<use>0</use>
<ownDataTypeParameters>,,</ownDataTypeParameters>
</Attribute>
<Attribute name="nome_fantasia" id="23E95296-0732-F75B-372B-CB8ADA981E11">
<createdBy>leomg</createdBy>
<createdTime>2020-05-01 19:07:51 UTC</createdTime>
<ownerDesignName>modelo_relacional</ownerDesignName>
<engineerTo>
<item key="784B2550-A4EE-D540-0102-320698221025" value="true"/>
</engineerTo>
<nullsAllowed>true</nullsAllowed>
<use>0</use>
<ownDataTypeParameters>,,</ownDataTypeParameters>
</Attribute>
</attributes>
<identifiers itemClass="oracle.dbtools.crest.model.design.logical.CandidateKey">
<identifier id="19C28F0F-336B-1820-8A7D-E51DB7753C52" name="Fornecedor PK">
<createdBy>arthu</createdBy>
<createdTime>2020-04-23 12:12:03 UTC</createdTime>
<ownerDesignName>modelo_relacional</ownerDesignName>
<engineerTo>
<item key="784B2550-A4EE-D540-0102-320698221025" value="true"/>
</engineerTo>
<pk>true</pk>
<usedAttributes>
<attributeRef>AB880CD5-2CDD-E5CE-1A61-5092F689728D</attributeRef>
</usedAttributes>
</identifier>
<identifier id="EC91023C-C187-490E-F2ED-0538934FBA85" name="razao_social_unico">
<createdBy>leomg</createdBy>
<createdTime>2020-05-08 21:32:21 UTC</createdTime>
<ownerDesignName>modelo_relacional</ownerDesignName>
<engineerTo>
<item key="784B2550-A4EE-D540-0102-320698221025" value="true"/>
</engineerTo>
<newElementsIDs>BE6A8B00-36CF-6698-35E4-2AFE4975E4D8</newElementsIDs>
<usedAttributes>
<attributeRef>BE6A8B00-36CF-6698-35E4-2AFE4975E4D8</attributeRef>
</usedAttributes>
</identifier>
</identifiers>
</Entity>