<?xml version = '1.0' encoding = 'UTF-8'?>
<Entity class="oracle.dbtools.crest.model.design.logical.Entity" directorySegmentName="seg_0" id="4B5466F3-09FD-537F-3C71-FBF968882ED8" name="item">
<createdBy>felip</createdBy>
<createdTime>2020-04-01 01:39:38 UTC</createdTime>
<ownerDesignName>modelo_relacional</ownerDesignName>
<engineerTo>
<item key="784B2550-A4EE-D540-0102-320698221025" value="true"/>
</engineerTo>
<adequatelyNormalized>NO</adequatelyNormalized>
<expectedVolumes>0</expectedVolumes>
<fwdEngineeringStrategyName>Single Table</fwdEngineeringStrategyName>
<growthPercent>0</growthPercent>
<growthType>Year</growthType>
<maxVolumes>9999999</maxVolumes>
<minVolumes>0</minVolumes>
<normalForm>Third</normalForm>
<attributes itemClass="oracle.dbtools.crest.model.design.logical.Attribute">
<Attribute name="id" id="F43158B7-E3AE-0F26-2B9C-37864403E5E4">
<createdBy>leomg</createdBy>
<createdTime>2020-05-01 19:33:41 UTC</createdTime>
<generatorID>1F81F50F-92C5-D3CA-DC13-EFAC96263C86</generatorID>
<ownerDesignName>modelo_relacional</ownerDesignName>
<engineerTo>
<item key="784B2550-A4EE-D540-0102-320698221025" value="true"/>
</engineerTo>
<referedAttribute>06792D38-2FB1-24FC-3207-B260ABC763F3</referedAttribute>
<use>0</use>
<ownDataTypeParameters>,,</ownDataTypeParameters>
</Attribute>
<Attribute name="id1" id="49E4FFA2-9331-3FF1-3B33-AE8152631B88">
<createdBy>leomg</createdBy>
<createdTime>2020-05-05 22:53:20 UTC</createdTime>
<generatorID>77984B20-1A29-AA6D-2F9F-E9D0D445AE73</generatorID>
<ownerDesignName>modelo_relacional</ownerDesignName>
<engineerTo>
<item key="784B2550-A4EE-D540-0102-320698221025" value="true"/>
</engineerTo>
<referedAttribute>C8D68FF4-0404-22A4-03FA-16EF105196C7</referedAttribute>
<use>0</use>
<ownDataTypeParameters>,,</ownDataTypeParameters>
</Attribute>
<Attribute name="id_item" id="1CCD3ABF-1DDF-F28D-77B0-922681F7186B">
<createdBy>leomg</createdBy>
<createdTime>2020-05-05 23:19:47 UTC</createdTime>
<ownerDesignName>modelo_relacional</ownerDesignName>
<engineerTo>
<item key="784B2550-A4EE-D540-0102-320698221025" value="true"/>
</engineerTo>
<use>0</use>
<ownDataTypeParameters>,,</ownDataTypeParameters>
</Attribute>
<Attribute name="quantidade" id="8ADFED7F-5A6A-96A5-4063-A39FD6BBCC27">
<createdBy>leomg</createdBy>
<createdTime>2020-05-05 23:19:54 UTC</createdTime>
<ownerDesignName>modelo_relacional</ownerDesignName>
<engineerTo>
<item key="784B2550-A4EE-D540-0102-320698221025" value="true"/>
</engineerTo>
<use>0</use>
<ownDataTypeParameters>,,</ownDataTypeParameters>
</Attribute>
</attributes>
<identifiers itemClass="oracle.dbtools.crest.model.design.logical.CandidateKey">
<identifier id="60D719AF-76F3-7A6D-F07E-E9E20C143677" name="item PK">
<createdBy>leomg</createdBy>
<createdTime>2020-05-01 19:35:42 UTC</createdTime>
<ownerDesignName>modelo_relacional</ownerDesignName>
<engineerTo>
<item key="784B2550-A4EE-D540-0102-320698221025" value="true"/>
</engineerTo>
<pk>true</pk>
<usedAttributes>
<attributeRef>1CCD3ABF-1DDF-F28D-77B0-922681F7186B</attributeRef>
</usedAttributes>
</identifier>
</identifiers>
</Entity>