<?xml version = '1.0' encoding = 'UTF-8'?>
<Entity class="oracle.dbtools.crest.model.design.logical.Entity" directorySegmentName="seg_0" id="644B2F1B-2418-460C-EA85-A23A2353751B" name="Compra">
<createdBy>felip</createdBy>
<createdTime>2020-04-01 01:15:45 UTC</createdTime>
<ownerDesignName>modelo_relacional</ownerDesignName>
<engineerTo>
<item key="784B2550-A4EE-D540-0102-320698221025" value="true"/>
</engineerTo>
<adequatelyNormalized>NO</adequatelyNormalized>
<expectedVolumes>0</expectedVolumes>
<fwdEngineeringStrategyName>Single Table</fwdEngineeringStrategyName>
<growthPercent>0</growthPercent>
<growthType>Year</growthType>
<maxVolumes>9999999</maxVolumes>
<minVolumes>0</minVolumes>
<normalForm>Third</normalForm>
<attributes itemClass="oracle.dbtools.crest.model.design.logical.Attribute">
<Attribute name="id" id="C8D68FF4-0404-22A4-03FA-16EF105196C7">
<createdBy>leomg</createdBy>
<createdTime>2020-05-05 22:53:13 UTC</createdTime>
<ownerDesignName>modelo_relacional</ownerDesignName>
<engineerTo>
<item key="784B2550-A4EE-D540-0102-320698221025" value="true"/>
</engineerTo>
<use>0</use>
<ownDataTypeParameters>,,</ownDataTypeParameters>
</Attribute>
<Attribute name="data_entrada" id="69ED59C5-4308-B363-6F9E-AD133A122DB8">
<createdBy>leomg</createdBy>
<createdTime>2020-05-05 22:35:23 UTC</createdTime>
<ownerDesignName>modelo_relacional</ownerDesignName>
<engineerTo>
<item key="784B2550-A4EE-D540-0102-320698221025" value="true"/>
</engineerTo>
<use>0</use>
<ownDataTypeParameters>,,</ownDataTypeParameters>
</Attribute>
<Attribute name="codigo" id="928962F0-AB34-3A53-7702-3E1FF45D748D">
<createdBy>felip</createdBy>
<createdTime>2020-04-09 01:19:58 UTC</createdTime>
<ownerDesignName>modelo_relacional</ownerDesignName>
<engineerTo>
<item key="784B2550-A4EE-D540-0102-320698221025" value="true"/>
</engineerTo>
<use>0</use>
<ownDataTypeParameters>,,</ownDataTypeParameters>
</Attribute>
<Attribute name="item" id="1125B280-6D2A-B2E1-E57D-D3B34AB5E21D">
<createdBy>felip</createdBy>
<createdTime>2020-04-09 01:18:38 UTC</createdTime>
<ownerDesignName>modelo_relacional</ownerDesignName>
<engineerTo>
<item key="784B2550-A4EE-D540-0102-320698221025" value="true"/>
</engineerTo>
<use>0</use>
<ownDataTypeParameters>,,</ownDataTypeParameters>
</Attribute>
<Attribute name="categoria" id="94F1676B-B972-F4DC-3BDE-F43F003262FB">
<createdBy>felip</createdBy>
<createdTime>2020-04-09 01:20:24 UTC</createdTime>
<ownerDesignName>modelo_relacional</ownerDesignName>
<engineerTo>
<item key="784B2550-A4EE-D540-0102-320698221025" value="true"/>
</engineerTo>
<use>0</use>
<ownDataTypeParameters>,,</ownDataTypeParameters>
</Attribute>
<Attribute name="valor" id="B8680055-924E-CC3C-27E0-52E4773F5202">
<createdBy>felip</createdBy>
<createdTime>2020-04-09 01:21:50 UTC</createdTime>
<ownerDesignName>modelo_relacional</ownerDesignName>
<engineerTo>
<item key="784B2550-A4EE-D540-0102-320698221025" value="true"/>
</engineerTo>
<use>0</use>
<ownDataTypeParameters>,,</ownDataTypeParameters>
</Attribute>
<Attribute name="marca" id="7D2362EC-8685-3CE9-4CD1-81DDADE580A2">
<createdBy>leomg</createdBy>
<createdTime>2020-05-01 19:05:51 UTC</createdTime>
<ownerDesignName>modelo_relacional</ownerDesignName>
<engineerTo>
<item key="784B2550-A4EE-D540-0102-320698221025" value="true"/>
</engineerTo>
<use>0</use>
<ownDataTypeParameters>,,</ownDataTypeParameters>
</Attribute>
<Attribute name="quantidade" id="CFD439E0-1E9A-A688-9A75-FD42D44C7601">
<createdBy>leomg</createdBy>
<createdTime>2020-05-01 19:12:55 UTC</createdTime>
<ownerDesignName>modelo_relacional</ownerDesignName>
<engineerTo>
<item key="784B2550-A4EE-D540-0102-320698221025" value="true"/>
</engineerTo>
<use>0</use>
<ownDataTypeParameters>,,</ownDataTypeParameters>
</Attribute>
<Attribute name="cnpj" id="1BB3B0FD-21EE-7400-86B7-E0C1AB40698B">
<createdBy>leomg</createdBy>
<createdTime>2020-05-05 22:35:54 UTC</createdTime>
<generatorID>676B24F1-DE1D-8E0E-25EB-B784F1231683</generatorID>
<ownerDesignName>modelo_relacional</ownerDesignName>
<engineerTo>
<item key="784B2550-A4EE-D540-0102-320698221025" value="true"/>
</engineerTo>
<referedAttribute>AB880CD5-2CDD-E5CE-1A61-5092F689728D</referedAttribute>
<use>0</use>
<ownDataTypeParameters>,,</ownDataTypeParameters>
</Attribute>
<Attribute name="matricula" id="D0B091F3-5C80-636C-272B-3466FA5DB627">
<createdBy>leomg</createdBy>
<createdTime>2020-05-05 22:36:03 UTC</createdTime>
<generatorID>2FA2F313-9E6D-E0C4-79FB-5032B73D3CB6</generatorID>
<ownerDesignName>modelo_relacional</ownerDesignName>
<engineerTo>
<item key="784B2550-A4EE-D540-0102-320698221025" value="true"/>
</engineerTo>
<referedAttribute>B8FDB6C8-F240-9256-D93B-6DDEC96D4E27</referedAttribute>
<use>0</use>
<ownDataTypeParameters>,,</ownDataTypeParameters>
</Attribute>
</attributes>
<identifiers itemClass="oracle.dbtools.crest.model.design.logical.CandidateKey">
<identifier id="B981F98F-A2CE-6E38-CB26-D1252EE295CF" name="Insumo PK">
<createdBy>arthu</createdBy>
<createdTime>2020-04-23 12:12:19 UTC</createdTime>
<ownerDesignName>modelo_relacional</ownerDesignName>
<engineerTo>
<item key="784B2550-A4EE-D540-0102-320698221025" value="true"/>
</engineerTo>
<pk>true</pk>
<usedAttributes>
<attributeRef>C8D68FF4-0404-22A4-03FA-16EF105196C7</attributeRef>
</usedAttributes>
</identifier>
</identifiers>
</Entity>