<?xml version = '1.0' encoding = 'UTF-8'?>
<FKIndexAssociation class="oracle.dbtools.crest.model.design.relational.FKIndexAssociation" directorySegmentName="seg_0" id="C513090C-06BE-F24B-7D09-41F066A950D6" containerWithKeyObject="9AFD6B65-D1A1-F031-8118-8B328A462CE9" localFKIndex="E66191C6-E36C-3BCD-85D6-0DCEF8261FDF" name="compras_fornecedores_FK">
<createdBy>leomg</createdBy>
<createdTime>2020-05-06 01:06:21 UTC</createdTime>
<ownerDesignName>modelo_relacional</ownerDesignName>
<referredTableLongName>fornecedores</referredTableLongName>
<deleteRule>NO ACTION</deleteRule>
<referredTableID>8B27EC4D-33EC-9A4D-4079-17BBA9CF7EB9</referredTableID>
<keyObject>9D65B721-ED63-EB64-59BC-28AE0BC69CA5</keyObject>
<referredKeyID>9D65B721-ED63-EB64-59BC-28AE0BC69CA5</referredKeyID>
<mandatory>true</mandatory>
<refColNames>id</refColNames>
<transferable>true</transferable>
<rely>false</rely>
<columnDependencyConstraintGenerateInDDL>true</columnDependencyConstraintGenerateInDDL>
</FKIndexAssociation>