<?xml version = '1.0' encoding = 'UTF-8'?>
<FKIndexAssociation class="oracle.dbtools.crest.model.design.relational.FKIndexAssociation" directorySegmentName="seg_0" id="F68A4E2A-1BDA-5554-55AD-1FF27352D855" containerWithKeyObject="B7B399CC-00D2-EA2C-5B7B-4E6ABB0E6D90" localFKIndex="DEEA1E80-A0EA-E6F2-0F1F-260F9BD17503" name="itens_servicos_FK">
<createdBy>leomg</createdBy>
<createdTime>2020-05-06 01:00:27 UTC</createdTime>
<ownerDesignName>modelo_relacional</ownerDesignName>
<referredTableLongName>servicos</referredTableLongName>
<deleteRule>NO ACTION</deleteRule>
<referredTableID>739BA626-FA9E-7DDF-28E9-844436D1C5A1</referredTableID>
<keyObject>DEF63CC6-7658-9A1D-7904-252A9B7A3C46</keyObject>
<referredKeyID>DEF63CC6-7658-9A1D-7904-252A9B7A3C46</referredKeyID>
<mandatory>true</mandatory>
<refColNames>id</refColNames>
<transferable>true</transferable>
<rely>false</rely>
<columnDependencyConstraintGenerateInDDL>true</columnDependencyConstraintGenerateInDDL>
</FKIndexAssociation>