<?xml version = '1.0' encoding = 'UTF-8'?>
<Table class="oracle.dbtools.crest.model.design.relational.Table" directorySegmentName="seg_0" id="6C82845A-BF2E-7CAD-89AB-7BBCB7BEBCA8" name="vistorias">
<createdBy>leomg</createdBy>
<createdTime>2020-05-01 18:43:57 UTC</createdTime>
<ownerDesignName>modelo_relacional</ownerDesignName>
<ordsAlias>table_7</ordsAlias>
<allowColumnReorder>false</allowColumnReorder>
<existDependencyGenerateInDDl>true</existDependencyGenerateInDDl>
<parsed>true</parsed>
<columns itemClass="oracle.dbtools.crest.model.design.relational.Column">
<Column name="ordem_servico" id="5A3C0DF7-2B09-94EA-AB1B-06AACFFBE3F9">
<createdBy>leomg</createdBy>
<createdTime>2020-05-05 23:00:05 UTC</createdTime>
<ownerDesignName>modelo_relacional</ownerDesignName>
<useDomainConstraints>false</useDomainConstraints>
<use>1</use>
<logicalDatatype>LOGDT011</logicalDatatype>
<ownDataTypeParameters>,,</ownDataTypeParameters>
<autoIncrementCycle>false</autoIncrementCycle>
</Column>
<Column name="data" id="B47612B4-A848-77A4-D0C4-818D4D91D63C">
<createdBy>leomg</createdBy>
<createdTime>2020-05-01 18:50:43 UTC</createdTime>
<ownerDesignName>modelo_relacional</ownerDesignName>
<useDomainConstraints>false</useDomainConstraints>
<use>1</use>
<logicalDatatype>LOGDT015</logicalDatatype>
<ownDataTypeParameters>,,</ownDataTypeParameters>
<autoIncrementCycle>false</autoIncrementCycle>
</Column>
<Column name="descricao" id="CE0FB204-F542-15F5-9D98-B553053C7F1E">
<createdBy>leomg</createdBy>
<createdTime>2020-05-05 23:00:21 UTC</createdTime>
<ownerDesignName>modelo_relacional</ownerDesignName>
<useDomainConstraints>false</useDomainConstraints>
<use>1</use>
<logicalDatatype>LOGDT024</logicalDatatype>
<ownDataTypeParameters>,,</ownDataTypeParameters>
<autoIncrementCycle>false</autoIncrementCycle>
</Column>
<Column name="veiculos_id" id="017F7616-CD47-0E5A-8847-52085410ADBD">
<createdBy>leomg</createdBy>
<createdTime>2020-05-06 00:59:28 UTC</createdTime>
<ownerDesignName>modelo_relacional</ownerDesignName>
<useDomainConstraints>false</useDomainConstraints>
<use>1</use>
<logicalDatatype>LOGDT011</logicalDatatype>
<ownDataTypeParameters>,,</ownDataTypeParameters>
<previousColumn>false</previousColumn>
<autoIncrementCycle>false</autoIncrementCycle>
<associations>
<colAssociation fkAssociation="9B135B45-5E6F-A9C8-CCE6-24F11B317F88" referredColumn="12F12E4E-F4C6-5EA8-648A-11995F76237B"/>
</associations>
</Column>
<Column name="funcionarios_matricula" id="A2FC1545-87A9-CA85-A6DC-4B009C689F6A">
<createdBy>leomg</createdBy>
<createdTime>2020-05-06 01:00:03 UTC</createdTime>
<ownerDesignName>modelo_relacional</ownerDesignName>
<useDomainConstraints>false</useDomainConstraints>
<use>1</use>
<logicalDatatype>LOGDT011</logicalDatatype>
<ownDataTypeParameters>,,</ownDataTypeParameters>
<previousColumn>false</previousColumn>
<autoIncrementCycle>false</autoIncrementCycle>
<associations>
<colAssociation fkAssociation="AB2FC4EC-42AD-88F0-2BCB-5EB7917A05B1" referredColumn="C3B9DBB9-5A09-3720-03DB-2E0E0921B291"/>
</associations>
</Column>
</columns>
<indexes itemClass="oracle.dbtools.crest.model.design.relational.Index">
<ind_PK_UK id="50D95100-5F1D-0A1B-6EEA-EE59F3511845" name="vistorias_PK">
<createdBy>leomg</createdBy>
<createdTime>2020-05-05 23:00:05 UTC</createdTime>
<ownerDesignName>modelo_relacional</ownerDesignName>
<pk>true</pk>
<indexState>Primary Constraint</indexState>
<isSurrogateKey>false</isSurrogateKey>
<indexColumnUsage>
<colUsage columnID="5A3C0DF7-2B09-94EA-AB1B-06AACFFBE3F9"/>
</indexColumnUsage>
</ind_PK_UK>
<ind_PK_UK id="A3FC1A7B-64C9-7FB0-D29F-BD6E50D17598" name="vistorias__UN">
<createdBy>leomg</createdBy>
<createdTime>2020-05-06 01:12:08 UTC</createdTime>
<ownerDesignName>modelo_relacional</ownerDesignName>
<indexState>Unique Constraint</indexState>
<isSurrogateKey>false</isSurrogateKey>
<indexColumnUsage>
<colUsage columnID="5A3C0DF7-2B09-94EA-AB1B-06AACFFBE3F9"/>
</indexColumnUsage>
</ind_PK_UK>
<ind_PK_UK id="92829411-2871-7804-B054-18E86A3937A3" name="vistorias_veiculos_FK">
<createdBy>leomg</createdBy>
<createdTime>2020-05-06 00:59:28 UTC</createdTime>
<ownerDesignName>modelo_relacional</ownerDesignName>
<indexState>Foreign Key</indexState>
<isSurrogateKey>false</isSurrogateKey>
<indexColumnUsage>
<colUsage columnID="017F7616-CD47-0E5A-8847-52085410ADBD"/>
</indexColumnUsage>
</ind_PK_UK>
<ind_PK_UK id="94A09314-25A6-4425-77C0-7B554F8B96EB" name="vistorias_funcionarios_FK">
<createdBy>leomg</createdBy>
<createdTime>2020-05-06 01:00:03 UTC</createdTime>
<ownerDesignName>modelo_relacional</ownerDesignName>
<indexState>Foreign Key</indexState>
<isSurrogateKey>false</isSurrogateKey>
<indexColumnUsage>
<colUsage columnID="A2FC1545-87A9-CA85-A6DC-4B009C689F6A"/>
</indexColumnUsage>
</ind_PK_UK>
</indexes>
</Table>