<?xml version = '1.0' encoding = 'UTF-8'?>
<Table class="oracle.dbtools.crest.model.design.relational.Table" directorySegmentName="seg_0" id="B7B399CC-00D2-EA2C-5B7B-4E6ABB0E6D90" name="itens">
<createdBy>leomg</createdBy>
<createdTime>2020-05-05 23:45:44 UTC</createdTime>
<ownerDesignName>modelo_relacional</ownerDesignName>
<ordsAlias>table_9</ordsAlias>
<allowColumnReorder>false</allowColumnReorder>
<existDependencyGenerateInDDl>true</existDependencyGenerateInDDl>
<parsed>true</parsed>
<columns itemClass="oracle.dbtools.crest.model.design.relational.Column">
<Column name="id" id="360BE1EA-76DB-BF02-15BA-64E863F33FBA">
<createdBy>leomg</createdBy>
<createdTime>2020-05-05 23:58:18 UTC</createdTime>
<ownerDesignName>modelo_relacional</ownerDesignName>
<nullsAllowed>true</nullsAllowed>
<useDomainConstraints>false</useDomainConstraints>
<use>1</use>
<logicalDatatype>LOGDT011</logicalDatatype>
<ownDataTypeParameters>,,</ownDataTypeParameters>
<autoIncrementCycle>false</autoIncrementCycle>
</Column>
<Column name="quantidade" id="FA04DF62-1F50-6DF5-5FB9-27A108665138">
<createdBy>leomg</createdBy>
<createdTime>2020-05-05 23:46:07 UTC</createdTime>
<ownerDesignName>modelo_relacional</ownerDesignName>
<useDomainConstraints>false</useDomainConstraints>
<use>1</use>
<logicalDatatype>LOGDT011</logicalDatatype>
<ownDataTypeParameters>,,</ownDataTypeParameters>
<autoIncrementCycle>false</autoIncrementCycle>
</Column>
<Column name="servicos_id" id="576F01CE-74FA-C110-3FAB-88E59D3D52FC">
<createdBy>leomg</createdBy>
<createdTime>2020-05-06 01:00:27 UTC</createdTime>
<ownerDesignName>modelo_relacional</ownerDesignName>
<useDomainConstraints>false</useDomainConstraints>
<use>1</use>
<logicalDatatype>LOGDT011</logicalDatatype>
<ownDataTypeParameters>,,</ownDataTypeParameters>
<previousColumn>false</previousColumn>
<autoIncrementCycle>false</autoIncrementCycle>
<associations>
<colAssociation fkAssociation="F68A4E2A-1BDA-5554-55AD-1FF27352D855" referredColumn="ECC8D1F0-FEC4-83EE-A6FB-72F94474ABC9"/>
</associations>
</Column>
<Column name="compras_id" id="A9E7FA5D-A5B8-28DF-3BC1-B5B58125BC19">
<createdBy>leomg</createdBy>
<createdTime>2020-05-06 01:00:34 UTC</createdTime>
<ownerDesignName>modelo_relacional</ownerDesignName>
<useDomainConstraints>false</useDomainConstraints>
<use>1</use>
<logicalDatatype>LOGDT011</logicalDatatype>
<ownDataTypeParameters>,,</ownDataTypeParameters>
<previousColumn>false</previousColumn>
<autoIncrementCycle>false</autoIncrementCycle>
<associations>
<colAssociation fkAssociation="A90DA27D-CC09-8CF7-CF86-2E0219F7D90D" referredColumn="B1C09C8D-CCF5-839D-7763-3B1C11A07724"/>
</associations>
</Column>
</columns>
<indexes itemClass="oracle.dbtools.crest.model.design.relational.Index">
<ind_PK_UK id="DEEA1E80-A0EA-E6F2-0F1F-260F9BD17503" name="itens_servicos_FK">
<createdBy>leomg</createdBy>
<createdTime>2020-05-06 01:00:27 UTC</createdTime>
<ownerDesignName>modelo_relacional</ownerDesignName>
<indexState>Foreign Key</indexState>
<isSurrogateKey>false</isSurrogateKey>
<indexColumnUsage>
<colUsage columnID="576F01CE-74FA-C110-3FAB-88E59D3D52FC"/>
</indexColumnUsage>
</ind_PK_UK>
<ind_PK_UK id="5A55FBAB-1805-7427-23A9-4CC9D9F72634" name="itens_compras_FK">
<createdBy>leomg</createdBy>
<createdTime>2020-05-06 01:00:34 UTC</createdTime>
<ownerDesignName>modelo_relacional</ownerDesignName>
<indexState>Foreign Key</indexState>
<isSurrogateKey>false</isSurrogateKey>
<indexColumnUsage>
<colUsage columnID="A9E7FA5D-A5B8-28DF-3BC1-B5B58125BC19"/>
</indexColumnUsage>
</ind_PK_UK>
</indexes>
</Table>