<?xml version = '1.0' encoding = 'UTF-8'?>
<Table class="oracle.dbtools.crest.model.design.relational.Table" directorySegmentName="seg_0" id="478F3E4D-1588-F96E-2CFE-19548FEFD5BE" name="Clientes_PF">
<createdBy>leomg</createdBy>
<createdTime>2020-05-05 23:01:48 UTC</createdTime>
<ownerDesignName>modelo_logico_relacional</ownerDesignName>
<ordsAlias>table_3</ordsAlias>
<allowColumnReorder>false</allowColumnReorder>
<existDependencyGenerateInDDl>true</existDependencyGenerateInDDl>
<parsed>true</parsed>
<columns itemClass="oracle.dbtools.crest.model.design.relational.Column">
<Column name="id" id="311DABAD-4F6B-DEDC-835F-6CF58E0B3FC8">
<createdBy>leomg</createdBy>
<createdTime>2020-05-06 01:01:44 UTC</createdTime>
<ownerDesignName>modelo_logico_relacional</ownerDesignName>
<useDomainConstraints>false</useDomainConstraints>
<use>1</use>
<logicalDatatype>LOGDT011</logicalDatatype>
<ownDataTypeParameters>,,</ownDataTypeParameters>
<autoIncrementCycle>false</autoIncrementCycle>
</Column>
<Column name="cpf" id="3EF6195D-C456-4978-7D15-59A6E10241B5">
<createdBy>leomg</createdBy>
<createdTime>2020-05-05 23:03:20 UTC</createdTime>
<ownerDesignName>modelo_logico_relacional</ownerDesignName>
<useDomainConstraints>false</useDomainConstraints>
<use>1</use>
<logicalDatatype>LOGDT024</logicalDatatype>
<ownDataTypeParameters>,,</ownDataTypeParameters>
<autoIncrementCycle>false</autoIncrementCycle>
</Column>
<Column name="nome" id="80FCF065-0C6B-646E-DB86-6CA457793E26">
<createdBy>leomg</createdBy>
<createdTime>2020-05-05 23:03:20 UTC</createdTime>
<ownerDesignName>modelo_logico_relacional</ownerDesignName>
<useDomainConstraints>false</useDomainConstraints>
<use>1</use>
<logicalDatatype>LOGDT024</logicalDatatype>
<ownDataTypeParameters>,,</ownDataTypeParameters>
<autoIncrementCycle>false</autoIncrementCycle>
</Column>
<Column name="sobrenome" id="5404ECAB-4E29-7893-1ADD-33C95038F86C">
<createdBy>leomg</createdBy>
<createdTime>2020-05-05 23:03:20 UTC</createdTime>
<ownerDesignName>modelo_logico_relacional</ownerDesignName>
<useDomainConstraints>false</useDomainConstraints>
<use>1</use>
<logicalDatatype>LOGDT024</logicalDatatype>
<ownDataTypeParameters>,,</ownDataTypeParameters>
<autoIncrementCycle>false</autoIncrementCycle>
</Column>
<Column name="Clientes_id" id="C4223AA7-E300-7FA3-1E22-0647AB297ACC">
<createdBy>arthu</createdBy>
<createdTime>2020-06-04 00:55:45 UTC</createdTime>
<ownerDesignName>modelo_logico_relacional</ownerDesignName>
<useDomainConstraints>false</useDomainConstraints>
<use>1</use>
<logicalDatatype>LOGDT011</logicalDatatype>
<ownDataTypeParameters>,,</ownDataTypeParameters>
<previousColumn>false</previousColumn>
<autoIncrementCycle>false</autoIncrementCycle>
<associations>
<colAssociation fkAssociation="C4C1B269-BB44-34E0-463B-A7B09FBA25D9" referredColumn="FD7311CE-FDDF-5F9A-22FF-F099CE5C2AC4"/>
</associations>
</Column>
</columns>
<indexes itemClass="oracle.dbtools.crest.model.design.relational.Index">
<ind_PK_UK id="29087D4B-1C21-2894-7683-7018E04C2794" name="Clientes_PF_PK">
<createdBy>leomg</createdBy>
<createdTime>2020-05-05 23:28:26 UTC</createdTime>
<ownerDesignName>modelo_logico_relacional</ownerDesignName>
<pk>true</pk>
<indexState>Primary Constraint</indexState>
<isSurrogateKey>false</isSurrogateKey>
<indexColumnUsage>
<colUsage columnID="311DABAD-4F6B-DEDC-835F-6CF58E0B3FC8"/>
</indexColumnUsage>
</ind_PK_UK>
<ind_PK_UK id="85B762EA-0462-D263-F2D4-2A1480D9B46E" name="Cliente_PF__UN">
<createdBy>arthu</createdBy>
<createdTime>2020-06-04 01:00:55 UTC</createdTime>
<ownerDesignName>modelo_logico_relacional</ownerDesignName>
<indexState>Unique Constraint</indexState>
<isSurrogateKey>false</isSurrogateKey>
<indexColumnUsage>
<colUsage columnID="3EF6195D-C456-4978-7D15-59A6E10241B5"/>
</indexColumnUsage>
</ind_PK_UK>
<ind_PK_UK id="4CC56642-253F-78EA-217A-B4C7A89D57CC" name="Cliente_PF__UNv1">
<createdBy>arthu</createdBy>
<createdTime>2020-06-04 01:00:55 UTC</createdTime>
<ownerDesignName>modelo_logico_relacional</ownerDesignName>
<indexState>Unique Constraint</indexState>
<isSurrogateKey>false</isSurrogateKey>
<indexColumnUsage>
<colUsage columnID="80FCF065-0C6B-646E-DB86-6CA457793E26"/>
<colUsage columnID="5404ECAB-4E29-7893-1ADD-33C95038F86C"/>
</indexColumnUsage>
</ind_PK_UK>
<ind_PK_UK id="E51B53E4-0902-A752-096C-1FA6C46FB59E" name="Cliente_PF_Clientes_FK">
<createdBy>arthu</createdBy>
<createdTime>2020-06-04 00:55:45 UTC</createdTime>
<ownerDesignName>modelo_logico_relacional</ownerDesignName>
<indexState>Foreign Key</indexState>
<isSurrogateKey>false</isSurrogateKey>
<indexColumnUsage>
<colUsage columnID="C4223AA7-E300-7FA3-1E22-0647AB297ACC"/>
</indexColumnUsage>
</ind_PK_UK>
</indexes>
</Table>