<?xml version = '1.0' encoding = 'UTF-8'?>
<Table class="oracle.dbtools.crest.model.design.relational.Table" directorySegmentName="seg_0" id="63D93FCC-CA87-01A5-5EEC-B93E6FC26C3E" name="Clientes_PJ">
<createdBy>leomg</createdBy>
<createdTime>2020-05-05 23:28:40 UTC</createdTime>
<ownerDesignName>modelo_logico_relacional</ownerDesignName>
<ordsAlias>table_4</ordsAlias>
<allowColumnReorder>false</allowColumnReorder>
<existDependencyGenerateInDDl>true</existDependencyGenerateInDDl>
<parsed>true</parsed>
<columns itemClass="oracle.dbtools.crest.model.design.relational.Column">
<Column name="id" id="14177C58-4A22-395E-CA53-67B80474FBBD">
<createdBy>leomg</createdBy>
<createdTime>2020-05-05 23:29:47 UTC</createdTime>
<ownerDesignName>modelo_logico_relacional</ownerDesignName>
<useDomainConstraints>false</useDomainConstraints>
<use>1</use>
<logicalDatatype>LOGDT011</logicalDatatype>
<ownDataTypeParameters>,,</ownDataTypeParameters>
<autoIncrementCycle>false</autoIncrementCycle>
</Column>
<Column name="cnpj" id="20AF31E9-6E28-8C9E-6EB3-74F04D674EE5">
<createdBy>leomg</createdBy>
<createdTime>2020-05-05 23:29:47 UTC</createdTime>
<ownerDesignName>modelo_logico_relacional</ownerDesignName>
<useDomainConstraints>false</useDomainConstraints>
<use>1</use>
<logicalDatatype>LOGDT024</logicalDatatype>
<ownDataTypeParameters>,,</ownDataTypeParameters>
<autoIncrementCycle>false</autoIncrementCycle>
</Column>
<Column name="razao_social" id="65D905C7-C875-0663-B1A5-5CC98DF7DBFD">
<createdBy>leomg</createdBy>
<createdTime>2020-05-05 23:29:47 UTC</createdTime>
<ownerDesignName>modelo_logico_relacional</ownerDesignName>
<useDomainConstraints>false</useDomainConstraints>
<use>1</use>
<logicalDatatype>LOGDT024</logicalDatatype>
<ownDataTypeParameters>,,</ownDataTypeParameters>
<autoIncrementCycle>false</autoIncrementCycle>
</Column>
<Column name="Clientes_id" id="539528C6-B051-B460-B6CC-C08FFF99E445">
<createdBy>arthu</createdBy>
<createdTime>2020-06-04 00:55:54 UTC</createdTime>
<ownerDesignName>modelo_logico_relacional</ownerDesignName>
<useDomainConstraints>false</useDomainConstraints>
<use>1</use>
<logicalDatatype>LOGDT011</logicalDatatype>
<ownDataTypeParameters>,,</ownDataTypeParameters>
<previousColumn>false</previousColumn>
<autoIncrementCycle>false</autoIncrementCycle>
<associations>
<colAssociation fkAssociation="AF2AAEA5-4E62-2DAC-FBEE-4AC2D1770E07" referredColumn="FD7311CE-FDDF-5F9A-22FF-F099CE5C2AC4"/>
</associations>
</Column>
</columns>
<indexes itemClass="oracle.dbtools.crest.model.design.relational.Index">
<ind_PK_UK id="4D4593CA-4E43-9C4E-D576-A34C2820AD27" name="Clientes_PJ_PK">
<createdBy>leomg</createdBy>
<createdTime>2020-05-05 23:29:47 UTC</createdTime>
<ownerDesignName>modelo_logico_relacional</ownerDesignName>
<pk>true</pk>
<indexState>Primary Constraint</indexState>
<isSurrogateKey>false</isSurrogateKey>
<indexColumnUsage>
<colUsage columnID="14177C58-4A22-395E-CA53-67B80474FBBD"/>
</indexColumnUsage>
</ind_PK_UK>
<ind_PK_UK id="CB795A40-2AE0-6932-848A-89F819CFF684" name="Cliente_PJ__UN">
<createdBy>arthu</createdBy>
<createdTime>2020-06-04 01:01:13 UTC</createdTime>
<ownerDesignName>modelo_logico_relacional</ownerDesignName>
<indexState>Unique Constraint</indexState>
<isSurrogateKey>false</isSurrogateKey>
<indexColumnUsage>
<colUsage columnID="20AF31E9-6E28-8C9E-6EB3-74F04D674EE5"/>
</indexColumnUsage>
</ind_PK_UK>
<ind_PK_UK id="1F59E508-A897-9C71-B60F-4746F23ED814" name="Cliente_PJ__UNv1">
<createdBy>arthu</createdBy>
<createdTime>2020-06-04 01:01:13 UTC</createdTime>
<ownerDesignName>modelo_logico_relacional</ownerDesignName>
<indexState>Unique Constraint</indexState>
<isSurrogateKey>false</isSurrogateKey>
<indexColumnUsage>
<colUsage columnID="14177C58-4A22-395E-CA53-67B80474FBBD"/>
</indexColumnUsage>
</ind_PK_UK>
<ind_PK_UK id="D4EBE77E-6C7C-2506-E3E1-918C02AABA5B" name="Cliente_PJ_Clientes_FK">
<createdBy>arthu</createdBy>
<createdTime>2020-06-04 00:55:54 UTC</createdTime>
<ownerDesignName>modelo_logico_relacional</ownerDesignName>
<indexState>Foreign Key</indexState>
<isSurrogateKey>false</isSurrogateKey>
<indexColumnUsage>
<colUsage columnID="539528C6-B051-B460-B6CC-C08FFF99E445"/>
</indexColumnUsage>
</ind_PK_UK>
</indexes>
</Table>