<?xml version = '1.0' encoding = 'UTF-8'?>
<Table class="oracle.dbtools.crest.model.design.relational.Table" directorySegmentName="seg_0" id="6C82845A-BF2E-7CAD-89AB-7BBCB7BEBCA8" name="Vistorias">
<createdBy>leomg</createdBy>
<createdTime>2020-05-01 18:43:57 UTC</createdTime>
<ownerDesignName>modelo_logico_relacional</ownerDesignName>
<ordsAlias>table_7</ordsAlias>
<allowColumnReorder>false</allowColumnReorder>
<existDependencyGenerateInDDl>true</existDependencyGenerateInDDl>
<parsed>true</parsed>
<columns itemClass="oracle.dbtools.crest.model.design.relational.Column">
<Column name="id" id="EDE47244-A588-F0CE-DEB4-500433576EFA">
<createdBy>arthu</createdBy>
<createdTime>2020-06-04 01:02:23 UTC</createdTime>
<ownerDesignName>modelo_logico_relacional</ownerDesignName>
<useDomainConstraints>false</useDomainConstraints>
<use>1</use>
<logicalDatatype>LOGDT011</logicalDatatype>
<ownDataTypeParameters>,,</ownDataTypeParameters>
<autoIncrementCycle>false</autoIncrementCycle>
</Column>
<Column name="ordem_servico" id="5A3C0DF7-2B09-94EA-AB1B-06AACFFBE3F9">
<createdBy>leomg</createdBy>
<createdTime>2020-05-05 23:00:05 UTC</createdTime>
<ownerDesignName>modelo_logico_relacional</ownerDesignName>
<useDomainConstraints>false</useDomainConstraints>
<use>1</use>
<logicalDatatype>LOGDT011</logicalDatatype>
<ownDataTypeParameters>,,</ownDataTypeParameters>
<autoIncrementCycle>false</autoIncrementCycle>
</Column>
<Column name="data" id="B47612B4-A848-77A4-D0C4-818D4D91D63C">
<createdBy>leomg</createdBy>
<createdTime>2020-05-01 18:50:43 UTC</createdTime>
<ownerDesignName>modelo_logico_relacional</ownerDesignName>
<useDomainConstraints>false</useDomainConstraints>
<use>1</use>
<logicalDatatype>LOGDT015</logicalDatatype>
<ownDataTypeParameters>,,</ownDataTypeParameters>
<autoIncrementCycle>false</autoIncrementCycle>
</Column>
<Column name="descricao" id="CE0FB204-F542-15F5-9D98-B553053C7F1E">
<createdBy>leomg</createdBy>
<createdTime>2020-05-05 23:00:21 UTC</createdTime>
<ownerDesignName>modelo_logico_relacional</ownerDesignName>
<useDomainConstraints>false</useDomainConstraints>
<use>1</use>
<logicalDatatype>LOGDT024</logicalDatatype>
<ownDataTypeParameters>,,</ownDataTypeParameters>
<autoIncrementCycle>false</autoIncrementCycle>
</Column>
<Column name="Funcionarios_id" id="9C8DE5EA-4A21-7E01-4989-FF566337D9D5">
<createdBy>leomg</createdBy>
<createdTime>2020-06-17 20:07:14 UTC</createdTime>
<ownerDesignName>modelo_logico_relacional</ownerDesignName>
<useDomainConstraints>false</useDomainConstraints>
<use>1</use>
<logicalDatatype>LOGDT011</logicalDatatype>
<ownDataTypeParameters>,,</ownDataTypeParameters>
<previousColumn>false</previousColumn>
<autoIncrementCycle>false</autoIncrementCycle>
<associations>
<colAssociation fkAssociation="52F3BF88-C411-1AF0-D81C-E3A67B66A662" referredColumn="9B98DFE5-5C5B-1A6D-08ED-B3DEE484FDCA"/>
</associations>
</Column>
<Column name="Veiculos_id" id="F73CC825-9407-2427-2988-7107FF2BF42B">
<createdBy>leomg</createdBy>
<createdTime>2020-06-17 20:07:28 UTC</createdTime>
<ownerDesignName>modelo_logico_relacional</ownerDesignName>
<useDomainConstraints>false</useDomainConstraints>
<use>1</use>
<logicalDatatype>LOGDT011</logicalDatatype>
<ownDataTypeParameters>,,</ownDataTypeParameters>
<previousColumn>false</previousColumn>
<autoIncrementCycle>false</autoIncrementCycle>
<associations>
<colAssociation fkAssociation="C6919238-8A9E-D83A-3A52-B7B54D398792" referredColumn="12F12E4E-F4C6-5EA8-648A-11995F76237B"/>
</associations>
</Column>
</columns>
<indexes itemClass="oracle.dbtools.crest.model.design.relational.Index">
<ind_PK_UK id="50D95100-5F1D-0A1B-6EEA-EE59F3511845" name="Vistorias_PK">
<createdBy>leomg</createdBy>
<createdTime>2020-05-05 23:00:05 UTC</createdTime>
<ownerDesignName>modelo_logico_relacional</ownerDesignName>
<pk>true</pk>
<indexState>Primary Constraint</indexState>
<isSurrogateKey>false</isSurrogateKey>
<indexColumnUsage>
<colUsage columnID="EDE47244-A588-F0CE-DEB4-500433576EFA"/>
</indexColumnUsage>
</ind_PK_UK>
<ind_PK_UK id="4DD3FA3B-BB3B-DEB4-B675-271A3EB33032" name="Vistoria__UN">
<createdBy>arthu</createdBy>
<createdTime>2020-06-04 01:03:04 UTC</createdTime>
<ownerDesignName>modelo_logico_relacional</ownerDesignName>
<indexState>Unique Constraint</indexState>
<isSurrogateKey>false</isSurrogateKey>
<indexColumnUsage>
<colUsage columnID="5A3C0DF7-2B09-94EA-AB1B-06AACFFBE3F9"/>
</indexColumnUsage>
</ind_PK_UK>
<ind_PK_UK id="28AF6386-30B7-B144-0262-BE9D6F9C4B9A" name="Vistoria__UNv1">
<createdBy>arthu</createdBy>
<createdTime>2020-06-04 01:03:08 UTC</createdTime>
<ownerDesignName>modelo_logico_relacional</ownerDesignName>
<indexState>Unique Constraint</indexState>
<isSurrogateKey>false</isSurrogateKey>
<indexColumnUsage>
<colUsage columnID="EDE47244-A588-F0CE-DEB4-500433576EFA"/>
</indexColumnUsage>
</ind_PK_UK>
<ind_PK_UK id="C214B80C-B0B0-F758-626B-FEB7B58DF523" name="Vistorias_Funcionarios_FK">
<createdBy>leomg</createdBy>
<createdTime>2020-06-17 20:07:14 UTC</createdTime>
<ownerDesignName>modelo_logico_relacional</ownerDesignName>
<indexState>Foreign Key</indexState>
<isSurrogateKey>false</isSurrogateKey>
<indexColumnUsage>
<colUsage columnID="9C8DE5EA-4A21-7E01-4989-FF566337D9D5"/>
</indexColumnUsage>
</ind_PK_UK>
<ind_PK_UK id="4C887928-1300-F8DC-F8DF-F645DE8F0FA7" name="Vistorias_Veiculos_FK">
<createdBy>leomg</createdBy>
<createdTime>2020-06-17 20:07:28 UTC</createdTime>
<ownerDesignName>modelo_logico_relacional</ownerDesignName>
<indexState>Foreign Key</indexState>
<isSurrogateKey>false</isSurrogateKey>
<indexColumnUsage>
<colUsage columnID="F73CC825-9407-2427-2988-7107FF2BF42B"/>
</indexColumnUsage>
</ind_PK_UK>
</indexes>
</Table>