<?xml version = '1.0' encoding = 'UTF-8'?>
<Table class="oracle.dbtools.crest.model.design.relational.Table" directorySegmentName="seg_0" id="9AFD6B65-D1A1-F031-8118-8B328A462CE9" name="Compras">
<createdBy>leomg</createdBy>
<createdTime>2020-05-05 23:46:35 UTC</createdTime>
<ownerDesignName>modelo_logico_relacional</ownerDesignName>
<ordsAlias>table_10</ordsAlias>
<allowColumnReorder>false</allowColumnReorder>
<existDependencyGenerateInDDl>true</existDependencyGenerateInDDl>
<parsed>true</parsed>
<columns itemClass="oracle.dbtools.crest.model.design.relational.Column">
<Column name="id" id="B1C09C8D-CCF5-839D-7763-3B1C11A07724">
<createdBy>leomg</createdBy>
<createdTime>2020-05-05 23:47:11 UTC</createdTime>
<ownerDesignName>modelo_logico_relacional</ownerDesignName>
<useDomainConstraints>false</useDomainConstraints>
<use>1</use>
<logicalDatatype>LOGDT011</logicalDatatype>
<ownDataTypeParameters>,,</ownDataTypeParameters>
<autoIncrementCycle>false</autoIncrementCycle>
</Column>
<Column name="data" id="E3365B04-A439-6FC5-8770-6622A6270E5F">
<createdBy>leomg</createdBy>
<createdTime>2020-05-05 23:47:11 UTC</createdTime>
<ownerDesignName>modelo_logico_relacional</ownerDesignName>
<useDomainConstraints>false</useDomainConstraints>
<use>1</use>
<logicalDatatype>LOGDT015</logicalDatatype>
<ownDataTypeParameters>,,</ownDataTypeParameters>
<autoIncrementCycle>false</autoIncrementCycle>
</Column>
<Column name="valor" id="2C0F6323-0820-1189-971D-70B809A40E4D">
<createdBy>leomg</createdBy>
<createdTime>2020-05-05 23:47:11 UTC</createdTime>
<ownerDesignName>modelo_logico_relacional</ownerDesignName>
<useDomainConstraints>false</useDomainConstraints>
<use>1</use>
<logicalDatatype>LOGDT043</logicalDatatype>
<ownDataTypeParameters>,,</ownDataTypeParameters>
<autoIncrementCycle>false</autoIncrementCycle>
</Column>
<Column name="Funcionario_id" id="CBE02E55-E05D-5B29-544A-C8E46E641397">
<createdBy>arthu</createdBy>
<createdTime>2020-06-04 00:57:22 UTC</createdTime>
<ownerDesignName>modelo_logico_relacional</ownerDesignName>
<useDomainConstraints>false</useDomainConstraints>
<use>1</use>
<logicalDatatype>LOGDT011</logicalDatatype>
<ownDataTypeParameters>,,</ownDataTypeParameters>
<previousColumn>false</previousColumn>
<autoIncrementCycle>false</autoIncrementCycle>
<associations>
<colAssociation fkAssociation="9216D67D-7028-780A-4BE8-F72F9EB9CC3C" referredColumn="9B98DFE5-5C5B-1A6D-08ED-B3DEE484FDCA"/>
</associations>
</Column>
<Column name="Fornecedores_id" id="572F75B6-36B4-D20A-67B9-313CD2449975">
<createdBy>leomg</createdBy>
<createdTime>2020-06-17 20:01:44 UTC</createdTime>
<ownerDesignName>modelo_logico_relacional</ownerDesignName>
<useDomainConstraints>false</useDomainConstraints>
<use>1</use>
<logicalDatatype>LOGDT011</logicalDatatype>
<ownDataTypeParameters>,,</ownDataTypeParameters>
<previousColumn>false</previousColumn>
<autoIncrementCycle>false</autoIncrementCycle>
<associations>
<colAssociation fkAssociation="6909C238-E39A-99A6-B495-590EEB8D8E1C" referredColumn="50BE451C-9944-24AB-6809-C4C2A33C3BD9"/>
</associations>
</Column>
</columns>
<indexes itemClass="oracle.dbtools.crest.model.design.relational.Index">
<ind_PK_UK id="BF694382-45E9-1632-6282-E67F1FA1893A" name="Compras_PK">
<createdBy>leomg</createdBy>
<createdTime>2020-05-05 23:48:50 UTC</createdTime>
<ownerDesignName>modelo_logico_relacional</ownerDesignName>
<pk>true</pk>
<indexState>Primary Constraint</indexState>
<isSurrogateKey>false</isSurrogateKey>
<indexColumnUsage>
<colUsage columnID="B1C09C8D-CCF5-839D-7763-3B1C11A07724"/>
</indexColumnUsage>
</ind_PK_UK>
<ind_PK_UK id="15DF09EB-F4A2-912A-0F89-17A197C718D7" name="Compra__UN">
<createdBy>arthu</createdBy>
<createdTime>2020-06-04 01:04:58 UTC</createdTime>
<ownerDesignName>modelo_logico_relacional</ownerDesignName>
<indexState>Unique Constraint</indexState>
<isSurrogateKey>false</isSurrogateKey>
<indexColumnUsage>
<colUsage columnID="E3365B04-A439-6FC5-8770-6622A6270E5F"/>
<colUsage columnID="CBE02E55-E05D-5B29-544A-C8E46E641397"/>
</indexColumnUsage>
</ind_PK_UK>
<ind_PK_UK id="B8501EC1-256F-DBBF-D5CF-C057AAE4B9E9" name="Compra_Funcionario_FK">
<createdBy>leomg</createdBy>
<createdTime>2020-05-22 16:09:43 UTC</createdTime>
<ownerDesignName>modelo_logico_relacional</ownerDesignName>
<indexState>Foreign Key</indexState>
<isSurrogateKey>false</isSurrogateKey>
<indexColumnUsage>
<colUsage columnID="CBE02E55-E05D-5B29-544A-C8E46E641397"/>
</indexColumnUsage>
</ind_PK_UK>
<ind_PK_UK id="101E3C86-BF91-E479-48B9-67C4EFA1A059" name="Compras_Fornecedores_FK">
<createdBy>leomg</createdBy>
<createdTime>2020-06-17 20:01:44 UTC</createdTime>
<ownerDesignName>modelo_logico_relacional</ownerDesignName>
<indexState>Foreign Key</indexState>
<isSurrogateKey>false</isSurrogateKey>
<indexColumnUsage>
<colUsage columnID="572F75B6-36B4-D20A-67B9-313CD2449975"/>
</indexColumnUsage>
</ind_PK_UK>
</indexes>
</Table>