<?xml version = '1.0' encoding = 'UTF-8'?>
<Table class="oracle.dbtools.crest.model.design.relational.Table" directorySegmentName="seg_0" id="B7B399CC-00D2-EA2C-5B7B-4E6ABB0E6D90" name="Itens">
<createdBy>leomg</createdBy>
<createdTime>2020-05-05 23:45:44 UTC</createdTime>
<ownerDesignName>modelo_logico_relacional</ownerDesignName>
<ordsAlias>table_9</ordsAlias>
<allowColumnReorder>false</allowColumnReorder>
<existDependencyGenerateInDDl>true</existDependencyGenerateInDDl>
<parsed>true</parsed>
<columns itemClass="oracle.dbtools.crest.model.design.relational.Column">
<Column name="quantidade" id="FA04DF62-1F50-6DF5-5FB9-27A108665138">
<createdBy>leomg</createdBy>
<createdTime>2020-05-05 23:46:07 UTC</createdTime>
<ownerDesignName>modelo_logico_relacional</ownerDesignName>
<useDomainConstraints>false</useDomainConstraints>
<use>1</use>
<logicalDatatype>LOGDT011</logicalDatatype>
<ownDataTypeParameters>,,</ownDataTypeParameters>
<autoIncrementCycle>false</autoIncrementCycle>
</Column>
<Column name="Produtos_id" id="6D9F1889-9642-0C19-0F6F-030594844EBA">
<createdBy>leomg</createdBy>
<createdTime>2020-06-17 19:57:06 UTC</createdTime>
<ownerDesignName>modelo_logico_relacional</ownerDesignName>
<useDomainConstraints>false</useDomainConstraints>
<use>1</use>
<logicalDatatype>LOGDT011</logicalDatatype>
<ownDataTypeParameters>,,</ownDataTypeParameters>
<previousColumn>false</previousColumn>
<autoIncrementCycle>false</autoIncrementCycle>
<associations>
<colAssociation fkAssociation="9F4D3D0E-9156-2218-8DC5-766B0F68E446" referredColumn="82B47CBF-516E-D770-293E-942CC38EC7A2"/>
</associations>
</Column>
<Column name="Servicos_id" id="6B4FEB6E-4F3C-909E-C853-5DB64806C194">
<createdBy>leomg</createdBy>
<createdTime>2020-06-17 20:02:54 UTC</createdTime>
<ownerDesignName>modelo_logico_relacional</ownerDesignName>
<useDomainConstraints>false</useDomainConstraints>
<use>1</use>
<logicalDatatype>LOGDT011</logicalDatatype>
<ownDataTypeParameters>,,</ownDataTypeParameters>
<previousColumn>false</previousColumn>
<autoIncrementCycle>false</autoIncrementCycle>
<associations>
<colAssociation fkAssociation="FF4F49EC-52A2-2AAB-0EE3-01AD4A209619" referredColumn="ECC8D1F0-FEC4-83EE-A6FB-72F94474ABC9"/>
</associations>
</Column>
</columns>
<indexes itemClass="oracle.dbtools.crest.model.design.relational.Index">
<ind_PK_UK id="B694F415-E759-C5A8-EE51-5044262B3234" name="Itens__UN">
<createdBy>leomg</createdBy>
<createdTime>2020-06-17 20:03:01 UTC</createdTime>
<ownerDesignName>modelo_logico_relacional</ownerDesignName>
<indexState>Unique Constraint</indexState>
<isSurrogateKey>false</isSurrogateKey>
<indexColumnUsage>
<colUsage columnID="6D9F1889-9642-0C19-0F6F-030594844EBA"/>
<colUsage columnID="6B4FEB6E-4F3C-909E-C853-5DB64806C194"/>
</indexColumnUsage>
</ind_PK_UK>
<ind_PK_UK id="58DA7AFC-2112-44F3-F040-3D5665579CF4" name="Itens_Produtos_FK">
<createdBy>leomg</createdBy>
<createdTime>2020-06-17 19:57:06 UTC</createdTime>
<ownerDesignName>modelo_logico_relacional</ownerDesignName>
<indexState>Foreign Key</indexState>
<isSurrogateKey>false</isSurrogateKey>
<indexColumnUsage>
<colUsage columnID="6D9F1889-9642-0C19-0F6F-030594844EBA"/>
</indexColumnUsage>
</ind_PK_UK>
<ind_PK_UK id="91A18084-DA67-D799-E35E-FA2746F85D29" name="Itens_Servicos_FK">
<createdBy>leomg</createdBy>
<createdTime>2020-06-17 20:02:54 UTC</createdTime>
<ownerDesignName>modelo_logico_relacional</ownerDesignName>
<indexState>Foreign Key</indexState>
<isSurrogateKey>false</isSurrogateKey>
<indexColumnUsage>
<colUsage columnID="6B4FEB6E-4F3C-909E-C853-5DB64806C194"/>
</indexColumnUsage>
</ind_PK_UK>
</indexes>
</Table>