<?xml version = '1.0' encoding = 'UTF-8'?>
<Diagram class="oracle.dbtools.crest.swingui.logical.DPVLogical" name="Logical" id="EE4807D3-F36B-741A-0EC0-522FD5ED8FF8">
<createdBy>felip</createdBy>
<modifiedBy>felip</modifiedBy>
<createdTime>2020-03-31 22:43:05 UTC</createdTime>
<autoRoute>false</autoRoute>
<boxInbox>true</boxInbox>
<showLegend>false</showLegend>
<showLabels>false</showLabels>
<showRelAttributes>false</showRelAttributes>
<gridEnabled>false</gridEnabled>
<showGrid>false</showGrid>
<diagramColor>-1</diagramColor>
<display>false</display>
<notation>1</notation>
<objectViews>
<OView class="oracle.dbtools.crest.swingui.logical.TVEntity" oid="04187822-9C6E-485F-277C-955053A92073" otype="Entity" vid="8D9E6943-10D6-F535-7190-DE179702E4C1">
<hideElementsInCurrentOnly>false</hideElementsInCurrentOnly>
<bounds x="59" y="0" width="100" height="84"/>
</OView>
<OView class="oracle.dbtools.crest.swingui.logical.TVEntity" oid="245846F3-E498-2614-ECAE-07B023682573" otype="Entity" vid="7266E663-EBF7-3F59-9078-D8D5146A7368">
<hideElementsInCurrentOnly>false</hideElementsInCurrentOnly>
<bounds x="814" y="408" width="140" height="56"/>
</OView>
<OView class="oracle.dbtools.crest.swingui.logical.TVEntity" oid="372F6F55-8C37-3429-E82C-CAC6A79869FD" otype="Entity" vid="1BD56BBA-6C61-F46E-72E3-54020B10F30F">
<hideElementsInCurrentOnly>false</hideElementsInCurrentOnly>
<bounds x="648" y="195" width="139" height="142"/>
</OView>
<OView class="oracle.dbtools.crest.swingui.logical.TVEntity" oid="4B5466F3-09FD-537F-3C71-FBF968882ED8" otype="Entity" vid="75830EDF-5884-1A35-15D0-8094697017EE">
<hideElementsInCurrentOnly>false</hideElementsInCurrentOnly>
<bounds x="375" y="339" width="110" height="57"/>
</OView>
<OView class="oracle.dbtools.crest.swingui.logical.TVEntity" oid="644B2F1B-2418-460C-EA85-A23A2353751B" otype="Entity" vid="2CF9878E-9F58-5483-EF95-573AA251C90D">
<hideElementsInCurrentOnly>false</hideElementsInCurrentOnly>
<bounds x="372" y="491" width="119" height="145"/>
</OView>
<OView class="oracle.dbtools.crest.swingui.logical.TVEntity" oid="7A8A9E3C-8E8F-E1A9-DF6F-53F63278F275" otype="Entity" vid="316D0F14-F7E1-6F34-C333-910A5F5EBC5F">
<hideElementsInCurrentOnly>false</hideElementsInCurrentOnly>
<bounds x="355" y="17" width="143" height="129"/>
</OView>
<OView class="oracle.dbtools.crest.swingui.logical.TVEntity" oid="7F18F46A-23B8-EA25-8F4C-7AD5C56976DB" otype="Entity" vid="D9F753D5-C875-129B-564C-F738A39B36DD">
<hideElementsInCurrentOnly>false</hideElementsInCurrentOnly>
<bounds x="1045" y="206" width="132" height="100"/>
</OView>
<OView class="oracle.dbtools.crest.swingui.logical.TVEntity" oid="A07B6411-6985-43C2-9ACB-4210D6A17FA6" otype="Entity" vid="1CB64552-C99E-D35B-E7A8-96FA4D50CABC">
<hideElementsInCurrentOnly>false</hideElementsInCurrentOnly>
<bounds x="55" y="93" width="100" height="84"/>
</OView>
<OView class="oracle.dbtools.crest.swingui.logical.TVEntity" oid="BE39BD59-2DF4-0ED6-5B64-D7CCA0EBA4C3" otype="Entity" vid="8DA17C4D-08D5-FD40-82E8-F38A0C8D360E">
<hideElementsInCurrentOnly>false</hideElementsInCurrentOnly>
<bounds x="642" y="16" width="139" height="78"/>
</OView>
<OView class="oracle.dbtools.crest.swingui.logical.TVEntity" oid="C0BE5A42-BFCA-2DE3-49FE-139E7EA9D363" otype="Entity" vid="F68ED8A4-91FF-294D-B022-0FD02E3EAE11">
<hideElementsInCurrentOnly>false</hideElementsInCurrentOnly>
<bounds x="58" y="544" width="129" height="79"/>
</OView>
</objectViews>
<connectors>
<Connector class="oracle.dbtools.crest.swingui.logical.TVRelation" oid="03A9B034-A541-F310-C8AD-67121721D790" otype="Relation" vid_source="1BD56BBA-6C61-F46E-72E3-54020B10F30F" vid_target="8DA17C4D-08D5-FD40-82E8-F38A0C8D360E">
<hideElementsInCurrentOnly>false</hideElementsInCurrentOnly>
<backgroundColor>-16777216</backgroundColor>
<lineWidth>1</lineWidth>
<points>
<point x="716" y="195"/>
<point x="716" y="169"/>
<point x="716" y="94"/>
</points>
</Connector>
<Connector class="oracle.dbtools.crest.swingui.logical.TVRelation" oid="0E486F41-BD7A-A1A1-66DC-28750ACD2419" otype="Relation" vid_source="8D9E6943-10D6-F535-7190-DE179702E4C1" vid_target="316D0F14-F7E1-6F34-C333-910A5F5EBC5F">
<hideElementsInCurrentOnly>false</hideElementsInCurrentOnly>
<backgroundColor>-16777216</backgroundColor>
<lineWidth>1</lineWidth>
<points>
<point x="159" y="50"/>
<point x="355" y="50"/>
</points>
</Connector>
<Connector class="oracle.dbtools.crest.swingui.logical.TVRelation" oid="115968C1-3EE0-261C-588F-392E3B17DE8C" otype="Relation" vid_source="316D0F14-F7E1-6F34-C333-910A5F5EBC5F" vid_target="8DA17C4D-08D5-FD40-82E8-F38A0C8D360E">
<hideElementsInCurrentOnly>false</hideElementsInCurrentOnly>
<backgroundColor>-16777216</backgroundColor>
<lineWidth>1</lineWidth>
<points>
<point x="498" y="55"/>
<point x="642" y="55"/>
</points>
</Connector>
<Connector class="oracle.dbtools.crest.swingui.logical.TVRelation" oid="1F81F50F-92C5-D3CA-DC13-EFAC96263C86" otype="Relation" vid_source="1BD56BBA-6C61-F46E-72E3-54020B10F30F" vid_target="75830EDF-5884-1A35-15D0-8094697017EE">
<hideElementsInCurrentOnly>false</hideElementsInCurrentOnly>
<backgroundColor>-16777216</backgroundColor>
<lineWidth>1</lineWidth>
<points>
<point x="648" y="264"/>
<point x="428" y="264"/>
<point x="428" y="339"/>
</points>
</Connector>
<Connector class="oracle.dbtools.crest.swingui.logical.TVRelation" oid="2FA2F313-9E6D-E0C4-79FB-5032B73D3CB6" otype="Relation" vid_source="D9F753D5-C875-129B-564C-F738A39B36DD" vid_target="2CF9878E-9F58-5483-EF95-573AA251C90D">
<hideElementsInCurrentOnly>false</hideElementsInCurrentOnly>
<backgroundColor>-16777216</backgroundColor>
<lineWidth>1</lineWidth>
<points>
<point x="1131" y="306"/>
<point x="1131" y="590"/>
<point x="491" y="590"/>
</points>
</Connector>
<Connector class="oracle.dbtools.crest.swingui.logical.TVRelation" oid="3369E243-9A03-F402-FAC3-7A642AF3A4FF" otype="Relation" vid_source="1CB64552-C99E-D35B-E7A8-96FA4D50CABC" vid_target="316D0F14-F7E1-6F34-C333-910A5F5EBC5F">
<hideElementsInCurrentOnly>false</hideElementsInCurrentOnly>
<backgroundColor>-16777216</backgroundColor>
<lineWidth>1</lineWidth>
<points>
<point x="155" y="119"/>
<point x="355" y="119"/>
</points>
</Connector>
<Connector class="oracle.dbtools.crest.swingui.logical.TVRelation" oid="3C96714B-A3CC-9356-05EA-EDAACE0A0B2C" otype="Relation" vid_source="D9F753D5-C875-129B-564C-F738A39B36DD" vid_target="7266E663-EBF7-3F59-9078-D8D5146A7368">
<hideElementsInCurrentOnly>false</hideElementsInCurrentOnly>
<backgroundColor>-16777216</backgroundColor>
<lineWidth>1</lineWidth>
<points>
<point x="1085" y="306"/>
<point x="1085" y="434"/>
<point x="954" y="434"/>
</points>
</Connector>
<Connector class="oracle.dbtools.crest.swingui.logical.TVRelation" oid="676B24F1-DE1D-8E0E-25EB-B784F1231683" otype="Relation" vid_source="F68ED8A4-91FF-294D-B022-0FD02E3EAE11" vid_target="2CF9878E-9F58-5483-EF95-573AA251C90D">
<hideElementsInCurrentOnly>false</hideElementsInCurrentOnly>
<backgroundColor>-16777216</backgroundColor>
<lineWidth>1</lineWidth>
<points>
<point x="187" y="587"/>
<point x="233" y="587"/>
<point x="372" y="587"/>
</points>
</Connector>
<Connector class="oracle.dbtools.crest.swingui.logical.TVRelation" oid="77984B20-1A29-AA6D-2F9F-E9D0D445AE73" otype="Relation" vid_source="2CF9878E-9F58-5483-EF95-573AA251C90D" vid_target="75830EDF-5884-1A35-15D0-8094697017EE">
<hideElementsInCurrentOnly>false</hideElementsInCurrentOnly>
<backgroundColor>-16777216</backgroundColor>
<lineWidth>1</lineWidth>
<points>
<point x="430" y="491"/>
<point x="430" y="396"/>
</points>
</Connector>
<Connector class="oracle.dbtools.crest.swingui.logical.TVRelation" oid="828AB212-5785-5E3B-CD06-D2F3447FFE78" otype="Relation" vid_source="1BD56BBA-6C61-F46E-72E3-54020B10F30F" vid_target="7266E663-EBF7-3F59-9078-D8D5146A7368">
<hideElementsInCurrentOnly>false</hideElementsInCurrentOnly>
<backgroundColor>-16777216</backgroundColor>
<lineWidth>1</lineWidth>
<points>
<point x="714" y="337"/>
<point x="714" y="431"/>
<point x="814" y="431"/>
</points>
</Connector>
<Connector class="oracle.dbtools.crest.swingui.logical.TVRelation" oid="EB40113F-2DF3-192D-6E81-4A191C4C3F25" otype="Relation" vid_source="D9F753D5-C875-129B-564C-F738A39B36DD" vid_target="8DA17C4D-08D5-FD40-82E8-F38A0C8D360E">
<hideElementsInCurrentOnly>false</hideElementsInCurrentOnly>
<backgroundColor>-16777216</backgroundColor>
<lineWidth>1</lineWidth>
<points>
<point x="1115" y="206"/>
<point x="1115" y="56"/>
<point x="781" y="56"/>
</points>
</Connector>
</connectors>
</Diagram>