<?xml version = '1.0' encoding = 'UTF-8'?>
<Table class="oracle.dbtools.crest.model.design.relational.Table" directorySegmentName="seg_0" id="12B7044D-FD31-5A63-E9BF-BF1ED8C3844D" name="veiculos">
<createdBy>leomg</createdBy>
<createdTime>2020-05-05 23:30:02 UTC</createdTime>
<ownerDesignName>modelo_relacional</ownerDesignName>
<ordsAlias>table_5</ordsAlias>
<allowColumnReorder>false</allowColumnReorder>
<existDependencyGenerateInDDl>true</existDependencyGenerateInDDl>
<parsed>true</parsed>
<columns itemClass="oracle.dbtools.crest.model.design.relational.Column">
<Column name="id" id="12F12E4E-F4C6-5EA8-648A-11995F76237B">
<createdBy>leomg</createdBy>
<createdTime>2020-05-05 23:32:55 UTC</createdTime>
<ownerDesignName>modelo_relacional</ownerDesignName>
<useDomainConstraints>false</useDomainConstraints>
<use>1</use>
<logicalDatatype>LOGDT011</logicalDatatype>
<ownDataTypeParameters>,,</ownDataTypeParameters>
<autoIncrementCycle>false</autoIncrementCycle>
</Column>
<Column name="placa" id="A7B1485A-E8B1-78A6-4886-D8F40356DF9D">
<createdBy>leomg</createdBy>
<createdTime>2020-05-05 23:30:41 UTC</createdTime>
<ownerDesignName>modelo_relacional</ownerDesignName>
<useDomainConstraints>false</useDomainConstraints>
<use>1</use>
<logicalDatatype>LOGDT024</logicalDatatype>
<ownDataTypeParameters>,,</ownDataTypeParameters>
<autoIncrementCycle>false</autoIncrementCycle>
</Column>
<Column name="marca" id="ACD6DB9F-6438-5F2D-02F6-CE521295E643">
<createdBy>leomg</createdBy>
<createdTime>2020-05-05 23:30:41 UTC</createdTime>
<ownerDesignName>modelo_relacional</ownerDesignName>
<useDomainConstraints>false</useDomainConstraints>
<use>1</use>
<logicalDatatype>LOGDT024</logicalDatatype>
<ownDataTypeParameters>,,</ownDataTypeParameters>
<autoIncrementCycle>false</autoIncrementCycle>
</Column>
<Column name="modelo" id="6A0B45C7-F309-715F-E787-0A9C710E580B">
<createdBy>leomg</createdBy>
<createdTime>2020-05-05 23:31:21 UTC</createdTime>
<ownerDesignName>modelo_relacional</ownerDesignName>
<useDomainConstraints>false</useDomainConstraints>
<use>1</use>
<logicalDatatype>LOGDT024</logicalDatatype>
<ownDataTypeParameters>,,</ownDataTypeParameters>
<autoIncrementCycle>false</autoIncrementCycle>
</Column>
<Column name="km" id="4D9B6B2D-7973-AFDA-3E52-4000E7DC0BC3">
<createdBy>leomg</createdBy>
<createdTime>2020-05-05 23:32:55 UTC</createdTime>
<ownerDesignName>modelo_relacional</ownerDesignName>
<useDomainConstraints>false</useDomainConstraints>
<use>1</use>
<logicalDatatype>LOGDT011</logicalDatatype>
<ownDataTypeParameters>,,</ownDataTypeParameters>
<autoIncrementCycle>false</autoIncrementCycle>
</Column>
<Column name="versao" id="7E62841F-9890-7645-2B0E-96E8D4012E56">
<createdBy>leomg</createdBy>
<createdTime>2020-05-05 23:32:55 UTC</createdTime>
<ownerDesignName>modelo_relacional</ownerDesignName>
<useDomainConstraints>false</useDomainConstraints>
<use>1</use>
<logicalDatatype>LOGDT024</logicalDatatype>
<ownDataTypeParameters>,,</ownDataTypeParameters>
<autoIncrementCycle>false</autoIncrementCycle>
</Column>
<Column name="clientes_pf_id" id="D12C9A8E-3E1A-35ED-6CAC-32276CE34172">
<createdBy>leomg</createdBy>
<createdTime>2020-05-06 00:59:50 UTC</createdTime>
<ownerDesignName>modelo_relacional</ownerDesignName>
<useDomainConstraints>false</useDomainConstraints>
<use>1</use>
<logicalDatatype>LOGDT011</logicalDatatype>
<ownDataTypeParameters>,,</ownDataTypeParameters>
<autoIncrementCycle>false</autoIncrementCycle>
<associations>
<colAssociation fkAssociation="467B5C5A-A901-30CC-8B11-53A21B3A95AB" referredColumn="311DABAD-4F6B-DEDC-835F-6CF58E0B3FC8"/>
</associations>
</Column>
<Column name="clientes_pj_id" id="91796E5B-0781-C044-23E4-7F3388827FBF">
<createdBy>leomg</createdBy>
<createdTime>2020-05-06 00:59:53 UTC</createdTime>
<ownerDesignName>modelo_relacional</ownerDesignName>
<useDomainConstraints>false</useDomainConstraints>
<use>1</use>
<logicalDatatype>LOGDT011</logicalDatatype>
<ownDataTypeParameters>,,</ownDataTypeParameters>
<previousColumn>false</previousColumn>
<autoIncrementCycle>false</autoIncrementCycle>
<associations>
<colAssociation fkAssociation="668BCFA0-B90D-9BB9-CDE5-A8A8E65BBD3E" referredColumn="14177C58-4A22-395E-CA53-67B80474FBBD"/>
</associations>
</Column>
</columns>
<indexes itemClass="oracle.dbtools.crest.model.design.relational.Index">
<ind_PK_UK id="978C6C4A-7AB5-06BD-C195-DBD82AA8F399" name="veiculos_PK">
<createdBy>leomg</createdBy>
<createdTime>2020-05-05 23:32:55 UTC</createdTime>
<ownerDesignName>modelo_relacional</ownerDesignName>
<pk>true</pk>
<indexState>Primary Constraint</indexState>
<isSurrogateKey>false</isSurrogateKey>
<indexColumnUsage>
<colUsage columnID="12F12E4E-F4C6-5EA8-648A-11995F76237B"/>
</indexColumnUsage>
</ind_PK_UK>
<ind_PK_UK id="AB524237-31E9-765F-52A0-E240E39F6AA9" name="veiculos_clientes_pf_FK">
<createdBy>leomg</createdBy>
<createdTime>2020-05-06 00:59:50 UTC</createdTime>
<ownerDesignName>modelo_relacional</ownerDesignName>
<indexState>Foreign Key</indexState>
<isSurrogateKey>false</isSurrogateKey>
<indexColumnUsage>
<colUsage columnID="D12C9A8E-3E1A-35ED-6CAC-32276CE34172"/>
</indexColumnUsage>
</ind_PK_UK>
<ind_PK_UK id="AC3DAFBE-7D13-4B68-0272-7A79D206667A" name="veiculos_clientes_pj_FK">
<createdBy>leomg</createdBy>
<createdTime>2020-05-06 00:59:53 UTC</createdTime>
<ownerDesignName>modelo_relacional</ownerDesignName>
<indexState>Foreign Key</indexState>
<isSurrogateKey>false</isSurrogateKey>
<indexColumnUsage>
<colUsage columnID="91796E5B-0781-C044-23E4-7F3388827FBF"/>
</indexColumnUsage>
</ind_PK_UK>
</indexes>
</Table>