<?xml version = '1.0' encoding = 'UTF-8'?>
<Table class="oracle.dbtools.crest.model.design.relational.Table" directorySegmentName="seg_0" id="739BA626-FA9E-7DDF-28E9-844436D1C5A1" name="servicos">
<createdBy>leomg</createdBy>
<createdTime>2020-05-05 23:33:17 UTC</createdTime>
<ownerDesignName>modelo_relacional</ownerDesignName>
<ordsAlias>table_7</ordsAlias>
<allowColumnReorder>false</allowColumnReorder>
<existDependencyGenerateInDDl>true</existDependencyGenerateInDDl>
<parsed>true</parsed>
<columns itemClass="oracle.dbtools.crest.model.design.relational.Column">
<Column name="id" id="ECC8D1F0-FEC4-83EE-A6FB-72F94474ABC9">
<createdBy>leomg</createdBy>
<createdTime>2020-05-05 23:33:45 UTC</createdTime>
<ownerDesignName>modelo_relacional</ownerDesignName>
<useDomainConstraints>false</useDomainConstraints>
<use>1</use>
<logicalDatatype>LOGDT011</logicalDatatype>
<ownDataTypeParameters>,,</ownDataTypeParameters>
<autoIncrementCycle>false</autoIncrementCycle>
</Column>
<Column name="data" id="AB880CE8-7559-E3C5-499A-B59FBD58047D">
<createdBy>leomg</createdBy>
<createdTime>2020-05-05 23:33:45 UTC</createdTime>
<ownerDesignName>modelo_relacional</ownerDesignName>
<useDomainConstraints>false</useDomainConstraints>
<use>1</use>
<logicalDatatype>LOGDT015</logicalDatatype>
<ownDataTypeParameters>,,</ownDataTypeParameters>
<autoIncrementCycle>false</autoIncrementCycle>
</Column>
<Column name="status" id="023B459F-899F-379F-6142-AFEF3D2BEFA9">
<createdBy>leomg</createdBy>
<createdTime>2020-05-05 23:37:24 UTC</createdTime>
<ownerDesignName>modelo_relacional</ownerDesignName>
<useDomainConstraints>false</useDomainConstraints>
<use>1</use>
<logicalDatatype>LOGDT024</logicalDatatype>
<ownDataTypeParameters>,,</ownDataTypeParameters>
<autoIncrementCycle>false</autoIncrementCycle>
</Column>
<Column name="tipo" id="8DBC415F-11EC-85B2-C023-2D3C0873741A">
<createdBy>leomg</createdBy>
<createdTime>2020-05-05 23:37:24 UTC</createdTime>
<ownerDesignName>modelo_relacional</ownerDesignName>
<useDomainConstraints>false</useDomainConstraints>
<use>1</use>
<logicalDatatype>LOGDT024</logicalDatatype>
<ownDataTypeParameters>,,</ownDataTypeParameters>
<autoIncrementCycle>false</autoIncrementCycle>
</Column>
<Column name="duracao" id="36BA24FD-CB63-F1CB-D95F-161881DED015">
<createdBy>leomg</createdBy>
<createdTime>2020-05-05 23:37:24 UTC</createdTime>
<ownerDesignName>modelo_relacional</ownerDesignName>
<nullsAllowed>true</nullsAllowed>
<useDomainConstraints>false</useDomainConstraints>
<use>1</use>
<logicalDatatype>LOGDT024</logicalDatatype>
<ownDataTypeParameters>,,</ownDataTypeParameters>
<autoIncrementCycle>false</autoIncrementCycle>
</Column>
<Column name="valor" id="6583766D-3A85-AA27-BBCD-09D930EC0285">
<createdBy>leomg</createdBy>
<createdTime>2020-05-05 23:37:24 UTC</createdTime>
<ownerDesignName>modelo_relacional</ownerDesignName>
<useDomainConstraints>false</useDomainConstraints>
<use>1</use>
<logicalDatatype>LOGDT011</logicalDatatype>
<ownDataTypeParameters>,,</ownDataTypeParameters>
<autoIncrementCycle>false</autoIncrementCycle>
</Column>
<Column name="desconto" id="E8B648D6-535A-8951-B439-50BC6DFBF949">
<createdBy>leomg</createdBy>
<createdTime>2020-05-05 23:37:24 UTC</createdTime>
<ownerDesignName>modelo_relacional</ownerDesignName>
<nullsAllowed>true</nullsAllowed>
<useDomainConstraints>false</useDomainConstraints>
<use>1</use>
<logicalDatatype>LOGDT011</logicalDatatype>
<ownDataTypeParameters>,,</ownDataTypeParameters>
<autoIncrementCycle>false</autoIncrementCycle>
</Column>
<Column name="avaliacao" id="5970C618-1C76-119E-1461-E7EF9EDE9409">
<createdBy>leomg</createdBy>
<createdTime>2020-05-05 23:37:24 UTC</createdTime>
<ownerDesignName>modelo_relacional</ownerDesignName>
<nullsAllowed>true</nullsAllowed>
<useDomainConstraints>false</useDomainConstraints>
<use>1</use>
<logicalDatatype>LOGDT011</logicalDatatype>
<ownDataTypeParameters>,,</ownDataTypeParameters>
<autoIncrementCycle>false</autoIncrementCycle>
</Column>
<Column name="vistorias_ordem_servico" id="7148A03E-A210-2739-688B-2C34ED60A518">
<createdBy>leomg</createdBy>
<createdTime>2020-05-06 01:00:49 UTC</createdTime>
<ownerDesignName>modelo_relacional</ownerDesignName>
<useDomainConstraints>false</useDomainConstraints>
<use>1</use>
<logicalDatatype>LOGDT011</logicalDatatype>
<ownDataTypeParameters>,,</ownDataTypeParameters>
<previousColumn>false</previousColumn>
<autoIncrementCycle>false</autoIncrementCycle>
<associations>
<colAssociation fkAssociation="FFC7BC96-BDB2-0381-927F-A4ECA96BADEC" referredColumn="5A3C0DF7-2B09-94EA-AB1B-06AACFFBE3F9"/>
</associations>
</Column>
</columns>
<indexes itemClass="oracle.dbtools.crest.model.design.relational.Index">
<ind_PK_UK id="DEF63CC6-7658-9A1D-7904-252A9B7A3C46" name="servicos_PK">
<createdBy>leomg</createdBy>
<createdTime>2020-05-05 23:33:45 UTC</createdTime>
<ownerDesignName>modelo_relacional</ownerDesignName>
<pk>true</pk>
<indexState>Primary Constraint</indexState>
<isSurrogateKey>false</isSurrogateKey>
<indexColumnUsage>
<colUsage columnID="ECC8D1F0-FEC4-83EE-A6FB-72F94474ABC9"/>
</indexColumnUsage>
</ind_PK_UK>
<ind_PK_UK id="38C6AA6E-7FA1-BC79-5A59-0E98E698E4F4" name="servicos_vistorias_FK">
<createdBy>leomg</createdBy>
<createdTime>2020-05-06 01:00:49 UTC</createdTime>
<ownerDesignName>modelo_relacional</ownerDesignName>
<indexState>Foreign Key</indexState>
<isSurrogateKey>false</isSurrogateKey>
<indexColumnUsage>
<colUsage columnID="7148A03E-A210-2739-688B-2C34ED60A518"/>
</indexColumnUsage>
</ind_PK_UK>
</indexes>
</Table>