<?xml version = '1.0' encoding = 'UTF-8'?>
<Table class="oracle.dbtools.crest.model.design.relational.Table" directorySegmentName="seg_0" id="756A7F35-20C8-3EF4-F0C4-A7ABF208E7DB" name="tarefas">
<createdBy>leomg</createdBy>
<createdTime>2020-05-05 23:44:09 UTC</createdTime>
<ownerDesignName>modelo_relacional</ownerDesignName>
<ordsAlias>table_8</ordsAlias>
<allowColumnReorder>false</allowColumnReorder>
<existDependencyGenerateInDDl>true</existDependencyGenerateInDDl>
<parsed>true</parsed>
<columns itemClass="oracle.dbtools.crest.model.design.relational.Column">
<Column name="funcionarios_matricula" id="E7F2C36F-53C8-8DDD-73BD-247903BBE40C">
<createdBy>leomg</createdBy>
<createdTime>2020-05-06 01:00:13 UTC</createdTime>
<ownerDesignName>modelo_relacional</ownerDesignName>
<useDomainConstraints>false</useDomainConstraints>
<use>1</use>
<logicalDatatype>LOGDT011</logicalDatatype>
<ownDataTypeParameters>,,</ownDataTypeParameters>
<previousColumn>false</previousColumn>
<autoIncrementCycle>false</autoIncrementCycle>
<associations>
<colAssociation fkAssociation="4663CA21-24C8-9592-6B25-01A08C1B46DD" referredColumn="C3B9DBB9-5A09-3720-03DB-2E0E0921B291"/>
</associations>
</Column>
<Column name="servicos_id" id="2B0A4B37-7EC9-C637-60E9-B9B800AFFE20">
<createdBy>leomg</createdBy>
<createdTime>2020-05-06 01:00:19 UTC</createdTime>
<ownerDesignName>modelo_relacional</ownerDesignName>
<useDomainConstraints>false</useDomainConstraints>
<use>1</use>
<logicalDatatype>LOGDT011</logicalDatatype>
<ownDataTypeParameters>,,</ownDataTypeParameters>
<previousColumn>false</previousColumn>
<autoIncrementCycle>false</autoIncrementCycle>
<associations>
<colAssociation fkAssociation="EDA9238A-88C8-093F-2BB8-AC75D27ED501" referredColumn="ECC8D1F0-FEC4-83EE-A6FB-72F94474ABC9"/>
</associations>
</Column>
</columns>
<indexes itemClass="oracle.dbtools.crest.model.design.relational.Index">
<ind_PK_UK id="1C9039F1-BFB1-E2F8-C63A-D0DD427C27E8" name="tarefas_funcionarios_FK">
<createdBy>leomg</createdBy>
<createdTime>2020-05-06 01:00:13 UTC</createdTime>
<ownerDesignName>modelo_relacional</ownerDesignName>
<indexState>Foreign Key</indexState>
<isSurrogateKey>false</isSurrogateKey>
<indexColumnUsage>
<colUsage columnID="E7F2C36F-53C8-8DDD-73BD-247903BBE40C"/>
</indexColumnUsage>
</ind_PK_UK>
<ind_PK_UK id="472F7D01-6657-A54D-8DE1-AC14345848B0" name="tarefas_servicos_FK">
<createdBy>leomg</createdBy>
<createdTime>2020-05-06 01:00:19 UTC</createdTime>
<ownerDesignName>modelo_relacional</ownerDesignName>
<indexState>Foreign Key</indexState>
<isSurrogateKey>false</isSurrogateKey>
<indexColumnUsage>
<colUsage columnID="2B0A4B37-7EC9-C637-60E9-B9B800AFFE20"/>
</indexColumnUsage>
</ind_PK_UK>
</indexes>
</Table>