<?xml version = '1.0' encoding = 'UTF-8'?>
<FKIndexAssociation class="oracle.dbtools.crest.model.design.relational.FKIndexAssociation" directorySegmentName="seg_0" id="17F49917-E90A-42CB-1FEA-B9F07AC02696" containerWithKeyObject="6C82845A-BF2E-7CAD-89AB-7BBCB7BEBCA8" localFKIndex="07A79E02-6C7C-CFAC-317E-142F5C10B77D" name="Vistoria_Funcionario_FK">
<createdBy>leomg</createdBy>
<createdTime>2020-05-22 16:09:09 UTC</createdTime>
<ownerDesignName>modelo_logico_relacional</ownerDesignName>
<referredTableLongName>Funcionario</referredTableLongName>
<deleteRule>NO ACTION</deleteRule>
<referredTableID>0161169A-EA2B-11C7-07F4-19E357CE8231</referredTableID>
<keyObject>9461345C-3E41-FEAC-260C-22889BA4410C</keyObject>
<referredKeyID>9461345C-3E41-FEAC-260C-22889BA4410C</referredKeyID>
<mandatory>true</mandatory>
<refColNames>matricula</refColNames>
<transferable>true</transferable>
<rely>false</rely>
<columnDependencyConstraintGenerateInDDL>true</columnDependencyConstraintGenerateInDDL>
</FKIndexAssociation>