<?xml version = '1.0' encoding = 'UTF-8'?>
<FKIndexAssociation class="oracle.dbtools.crest.model.design.relational.FKIndexAssociation" directorySegmentName="seg_0" id="22A3606A-22F6-C6DD-F10E-DA85F7E0DCE6" containerWithKeyObject="B7B399CC-00D2-EA2C-5B7B-4E6ABB0E6D90" localFKIndex="8A22B999-A1CB-7DE8-F492-FF6F3FF6A58F" name="Item_Servico_FK">
<createdBy>leomg</createdBy>
<createdTime>2020-05-22 16:16:31 UTC</createdTime>
<ownerDesignName>modelo_logico_relacional</ownerDesignName>
<referredTableLongName>Servico</referredTableLongName>
<deleteRule>NO ACTION</deleteRule>
<referredTableID>739BA626-FA9E-7DDF-28E9-844436D1C5A1</referredTableID>
<keyObject>DEF63CC6-7658-9A1D-7904-252A9B7A3C46</keyObject>
<referredKeyID>DEF63CC6-7658-9A1D-7904-252A9B7A3C46</referredKeyID>
<mandatory>true</mandatory>
<refColNames>id</refColNames>
<transferable>true</transferable>
<rely>false</rely>
<columnDependencyConstraintGenerateInDDL>true</columnDependencyConstraintGenerateInDDL>
</FKIndexAssociation>