<?xml version = '1.0' encoding = 'UTF-8'?>
<FKIndexAssociation class="oracle.dbtools.crest.model.design.relational.FKIndexAssociation" directorySegmentName="seg_0" id="2E24D666-9025-632A-FF67-96287C5B725D" containerWithKeyObject="B7B399CC-00D2-EA2C-5B7B-4E6ABB0E6D90" localFKIndex="E077B402-FD3F-EF5C-8E98-9DDF02E04F5A" name="Item_Compra_FK">
<createdBy>leomg</createdBy>
<createdTime>2020-05-22 16:10:00 UTC</createdTime>
<ownerDesignName>modelo_logico_relacional</ownerDesignName>
<referredTableLongName>Compra</referredTableLongName>
<deleteRule>NO ACTION</deleteRule>
<referredTableID>9AFD6B65-D1A1-F031-8118-8B328A462CE9</referredTableID>
<keyObject>BF694382-45E9-1632-6282-E67F1FA1893A</keyObject>
<referredKeyID>BF694382-45E9-1632-6282-E67F1FA1893A</referredKeyID>
<mandatory>true</mandatory>
<refColNames>id</refColNames>
<transferable>true</transferable>
<rely>false</rely>
<columnDependencyConstraintGenerateInDDL>true</columnDependencyConstraintGenerateInDDL>
</FKIndexAssociation>