<?xml version = '1.0' encoding = 'UTF-8'?>
<FKIndexAssociation class="oracle.dbtools.crest.model.design.relational.FKIndexAssociation" directorySegmentName="seg_0" id="AC462134-9811-F6AF-730C-3B1EB26A85EF" containerWithKeyObject="756A7F35-20C8-3EF4-F0C4-A7ABF208E7DB" localFKIndex="B6C1DB09-C160-AFA1-EBF1-9E4A1D9ED0ED" name="Tarefa_Servico_FK">
<createdBy>leomg</createdBy>
<createdTime>2020-05-22 16:16:05 UTC</createdTime>
<ownerDesignName>modelo_logico_relacional</ownerDesignName>
<referredTableLongName>Servico</referredTableLongName>
<deleteRule>NO ACTION</deleteRule>
<referredTableID>739BA626-FA9E-7DDF-28E9-844436D1C5A1</referredTableID>
<keyObject>DEF63CC6-7658-9A1D-7904-252A9B7A3C46</keyObject>
<referredKeyID>DEF63CC6-7658-9A1D-7904-252A9B7A3C46</referredKeyID>
<mandatory>true</mandatory>
<refColNames>id</refColNames>
<transferable>true</transferable>
<rely>false</rely>
<columnDependencyConstraintGenerateInDDL>true</columnDependencyConstraintGenerateInDDL>
</FKIndexAssociation>