<?xml version = '1.0' encoding = 'UTF-8'?>
<FKIndexAssociation class="oracle.dbtools.crest.model.design.relational.FKIndexAssociation" directorySegmentName="seg_0" id="B6E7713D-4EFA-049F-37CE-63FDB0F0A243" containerWithKeyObject="9AFD6B65-D1A1-F031-8118-8B328A462CE9" localFKIndex="C59985E5-EF76-5E1E-3322-95C05D581276" name="Compra_Fornecedor_FK">
<createdBy>leomg</createdBy>
<createdTime>2020-05-22 16:16:37 UTC</createdTime>
<ownerDesignName>modelo_logico_relacional</ownerDesignName>
<referredTableLongName>Fornecedor</referredTableLongName>
<deleteRule>NO ACTION</deleteRule>
<referredTableID>8B27EC4D-33EC-9A4D-4079-17BBA9CF7EB9</referredTableID>
<keyObject>9D65B721-ED63-EB64-59BC-28AE0BC69CA5</keyObject>
<referredKeyID>9D65B721-ED63-EB64-59BC-28AE0BC69CA5</referredKeyID>
<mandatory>true</mandatory>
<refColNames>id</refColNames>
<transferable>true</transferable>
<rely>false</rely>
<columnDependencyConstraintGenerateInDDL>true</columnDependencyConstraintGenerateInDDL>
</FKIndexAssociation>