<?xml version = '1.0' encoding = 'UTF-8'?>
<FKIndexAssociation class="oracle.dbtools.crest.model.design.relational.FKIndexAssociation" directorySegmentName="seg_0" id="C4C1B269-BB44-34E0-463B-A7B09FBA25D9" containerWithKeyObject="478F3E4D-1588-F96E-2CFE-19548FEFD5BE" localFKIndex="E51B53E4-0902-A752-096C-1FA6C46FB59E" name="Cliente_PF_Clientes_FK">
<createdBy>arthu</createdBy>
<createdTime>2020-06-04 00:55:45 UTC</createdTime>
<ownerDesignName>modelo_logico_relacional</ownerDesignName>
<referredTableLongName>Clientes</referredTableLongName>
<deleteRule>NO ACTION</deleteRule>
<referredTableID>8FE87AD7-5F22-81F2-18A1-1D0D15C5F22C</referredTableID>
<keyObject>39110DA5-C377-726D-995A-175CAB019695</keyObject>
<referredKeyID>39110DA5-C377-726D-995A-175CAB019695</referredKeyID>
<mandatory>true</mandatory>
<refColNames>id</refColNames>
<transferable>true</transferable>
<rely>false</rely>
<columnDependencyConstraintGenerateInDDL>true</columnDependencyConstraintGenerateInDDL>
</FKIndexAssociation>