<?xml version = '1.0' encoding = 'UTF-8'?>
<FKIndexAssociation class="oracle.dbtools.crest.model.design.relational.FKIndexAssociation" directorySegmentName="seg_0" id="4663CA21-24C8-9592-6B25-01A08C1B46DD" containerWithKeyObject="756A7F35-20C8-3EF4-F0C4-A7ABF208E7DB" localFKIndex="1C9039F1-BFB1-E2F8-C63A-D0DD427C27E8" name="tarefas_funcionarios_FK">
<createdBy>leomg</createdBy>
<createdTime>2020-05-06 01:00:13 UTC</createdTime>
<ownerDesignName>modelo_relacional</ownerDesignName>
<referredTableLongName>funcionarios</referredTableLongName>
<deleteRule>NO ACTION</deleteRule>
<referredTableID>0161169A-EA2B-11C7-07F4-19E357CE8231</referredTableID>
<keyObject>9461345C-3E41-FEAC-260C-22889BA4410C</keyObject>
<referredKeyID>9461345C-3E41-FEAC-260C-22889BA4410C</referredKeyID>
<mandatory>true</mandatory>
<refColNames>matricula</refColNames>
<transferable>true</transferable>
<rely>false</rely>
<columnDependencyConstraintGenerateInDDL>true</columnDependencyConstraintGenerateInDDL>
</FKIndexAssociation>