<?xml version = '1.0' encoding = 'UTF-8'?>
<FKIndexAssociation class="oracle.dbtools.crest.model.design.relational.FKIndexAssociation" directorySegmentName="seg_0" id="467B5C5A-A901-30CC-8B11-53A21B3A95AB" containerWithKeyObject="12B7044D-FD31-5A63-E9BF-BF1ED8C3844D" localFKIndex="AB524237-31E9-765F-52A0-E240E39F6AA9" name="veiculos_clientes_pf_FK">
<createdBy>leomg</createdBy>
<createdTime>2020-05-06 00:59:50 UTC</createdTime>
<ownerDesignName>modelo_relacional</ownerDesignName>
<referredTableLongName>clientes_pf</referredTableLongName>
<deleteRule>NO ACTION</deleteRule>
<referredTableID>478F3E4D-1588-F96E-2CFE-19548FEFD5BE</referredTableID>
<keyObject>29087D4B-1C21-2894-7683-7018E04C2794</keyObject>
<referredKeyID>29087D4B-1C21-2894-7683-7018E04C2794</referredKeyID>
<mandatory>true</mandatory>
<refColNames>id</refColNames>
<transferable>true</transferable>
<rely>false</rely>
<columnDependencyConstraintGenerateInDDL>true</columnDependencyConstraintGenerateInDDL>
</FKIndexAssociation>