<?xml version = '1.0' encoding = 'UTF-8'?>
<FKIndexAssociation class="oracle.dbtools.crest.model.design.relational.FKIndexAssociation" directorySegmentName="seg_0" id="668BCFA0-B90D-9BB9-CDE5-A8A8E65BBD3E" containerWithKeyObject="12B7044D-FD31-5A63-E9BF-BF1ED8C3844D" localFKIndex="AC3DAFBE-7D13-4B68-0272-7A79D206667A" name="veiculos_clientes_pj_FK">
<createdBy>leomg</createdBy>
<createdTime>2020-05-06 00:59:53 UTC</createdTime>
<ownerDesignName>modelo_relacional</ownerDesignName>
<referredTableLongName>clientes_pj</referredTableLongName>
<deleteRule>NO ACTION</deleteRule>
<referredTableID>63D93FCC-CA87-01A5-5EEC-B93E6FC26C3E</referredTableID>
<keyObject>4D4593CA-4E43-9C4E-D576-A34C2820AD27</keyObject>
<referredKeyID>4D4593CA-4E43-9C4E-D576-A34C2820AD27</referredKeyID>
<mandatory>true</mandatory>
<refColNames>id</refColNames>
<transferable>true</transferable>
<rely>false</rely>
<columnDependencyConstraintGenerateInDDL>true</columnDependencyConstraintGenerateInDDL>
</FKIndexAssociation>