<?xml version = '1.0' encoding = 'UTF-8'?>
<FKIndexAssociation class="oracle.dbtools.crest.model.design.relational.FKIndexAssociation" directorySegmentName="seg_0" id="9B135B45-5E6F-A9C8-CCE6-24F11B317F88" containerWithKeyObject="6C82845A-BF2E-7CAD-89AB-7BBCB7BEBCA8" localFKIndex="92829411-2871-7804-B054-18E86A3937A3" name="vistorias_veiculos_FK">
<createdBy>leomg</createdBy>
<createdTime>2020-05-06 00:59:28 UTC</createdTime>
<ownerDesignName>modelo_relacional</ownerDesignName>
<referredTableLongName>veiculos</referredTableLongName>
<deleteRule>NO ACTION</deleteRule>
<referredTableID>12B7044D-FD31-5A63-E9BF-BF1ED8C3844D</referredTableID>
<keyObject>978C6C4A-7AB5-06BD-C195-DBD82AA8F399</keyObject>
<referredKeyID>978C6C4A-7AB5-06BD-C195-DBD82AA8F399</referredKeyID>
<mandatory>true</mandatory>
<refColNames>id</refColNames>
<transferable>true</transferable>
<rely>false</rely>
<columnDependencyConstraintGenerateInDDL>true</columnDependencyConstraintGenerateInDDL>
</FKIndexAssociation>