<?xml version = '1.0' encoding = 'UTF-8'?>
<FKIndexAssociation class="oracle.dbtools.crest.model.design.relational.FKIndexAssociation" directorySegmentName="seg_0" id="A90DA27D-CC09-8CF7-CF86-2E0219F7D90D" containerWithKeyObject="B7B399CC-00D2-EA2C-5B7B-4E6ABB0E6D90" localFKIndex="5A55FBAB-1805-7427-23A9-4CC9D9F72634" name="itens_compras_FK">
<createdBy>leomg</createdBy>
<createdTime>2020-05-06 01:00:34 UTC</createdTime>
<ownerDesignName>modelo_relacional</ownerDesignName>
<referredTableLongName>compras</referredTableLongName>
<deleteRule>NO ACTION</deleteRule>
<referredTableID>9AFD6B65-D1A1-F031-8118-8B328A462CE9</referredTableID>
<keyObject>BF694382-45E9-1632-6282-E67F1FA1893A</keyObject>
<referredKeyID>BF694382-45E9-1632-6282-E67F1FA1893A</referredKeyID>
<mandatory>true</mandatory>
<refColNames>id</refColNames>
<transferable>true</transferable>
<rely>false</rely>
<columnDependencyConstraintGenerateInDDL>true</columnDependencyConstraintGenerateInDDL>
</FKIndexAssociation>