<?xml version = '1.0' encoding = 'UTF-8'?>
<FKIndexAssociation class="oracle.dbtools.crest.model.design.relational.FKIndexAssociation" directorySegmentName="seg_0" id="AB2FC4EC-42AD-88F0-2BCB-5EB7917A05B1" containerWithKeyObject="6C82845A-BF2E-7CAD-89AB-7BBCB7BEBCA8" localFKIndex="94A09314-25A6-4425-77C0-7B554F8B96EB" name="vistorias_funcionarios_FK">
<createdBy>leomg</createdBy>
<createdTime>2020-05-06 01:00:03 UTC</createdTime>
<ownerDesignName>modelo_relacional</ownerDesignName>
<referredTableLongName>funcionarios</referredTableLongName>
<deleteRule>NO ACTION</deleteRule>
<referredTableID>0161169A-EA2B-11C7-07F4-19E357CE8231</referredTableID>
<keyObject>9461345C-3E41-FEAC-260C-22889BA4410C</keyObject>
<referredKeyID>9461345C-3E41-FEAC-260C-22889BA4410C</referredKeyID>
<mandatory>true</mandatory>
<refColNames>matricula</refColNames>
<transferable>true</transferable>
<rely>false</rely>
<columnDependencyConstraintGenerateInDDL>true</columnDependencyConstraintGenerateInDDL>
</FKIndexAssociation>