<?xml version = '1.0' encoding = 'UTF-8'?>
<FKIndexAssociation class="oracle.dbtools.crest.model.design.relational.FKIndexAssociation" directorySegmentName="seg_0" id="FFC7BC96-BDB2-0381-927F-A4ECA96BADEC" containerWithKeyObject="739BA626-FA9E-7DDF-28E9-844436D1C5A1" localFKIndex="38C6AA6E-7FA1-BC79-5A59-0E98E698E4F4" name="servicos_vistorias_FK">
<createdBy>leomg</createdBy>
<createdTime>2020-05-06 01:00:49 UTC</createdTime>
<ownerDesignName>modelo_relacional</ownerDesignName>
<referredTableLongName>vistorias</referredTableLongName>
<deleteRule>NO ACTION</deleteRule>
<referredTableID>6C82845A-BF2E-7CAD-89AB-7BBCB7BEBCA8</referredTableID>
<keyObject>50D95100-5F1D-0A1B-6EEA-EE59F3511845</keyObject>
<referredKeyID>50D95100-5F1D-0A1B-6EEA-EE59F3511845</referredKeyID>
<mandatory>true</mandatory>
<refColNames>ordem_servico</refColNames>
<transferable>true</transferable>
<rely>false</rely>
<columnDependencyConstraintGenerateInDDL>true</columnDependencyConstraintGenerateInDDL>
</FKIndexAssociation>