<?xml version = '1.0' encoding = 'UTF-8'?>
<Relation class="oracle.dbtools.crest.model.design.logical.InheritanceRelation" name="Hierarchy_2" directorySegmentName="seg_0" id="72550FDF-D6A1-0271-9EFC-0E895594B77C">
<createdBy>arthu</createdBy>
<createdTime>2020-06-04 01:09:17 UTC</createdTime>
<ownerDesignName>modelo_logico_relacional</ownerDesignName>
<engineerTo>
<item key="784B2550-A4EE-D540-0102-320698221025" value="true"/>
</engineerTo>
<identifying>false</identifying>
<nameOnSource>Super Type</nameOnSource>
<nameOnTarget>Sub Type</nameOnTarget>
<optionalSource>true</optionalSource>
<optionalTarget>true</optionalTarget>
<sourceEntity>C4CD246D-DAC5-315C-608B-670EBEEECC5D</sourceEntity>
<targetEntity>04187822-9C6E-485F-277C-955053A92073</targetEntity>
<transferable>true</transferable>
<deleteRule>NO ACTION</deleteRule>
</Relation>